ReviewID,EmployeeID,ReviewYear,PerformanceRating,GoalsMetPercent,ManagerFeedbackScore
1,1,2026,3,87,5
2,1,2025,3,100,5
3,1,2024,3,85,6
4,2,2026,5,100,9
5,3,2026,3,100,7
6,4,2026,4,85,9
7,4,2025,3,86,6
8,4,2024,4,90,10
9,4,2023,3,100,6
10,4,2022,3,77,5
11,5,2026,5,100,10
12,5,2025,5,74,9
13,6,2026,4,100,8
14,6,2025,5,72,10
15,6,2024,4,100,7
16,6,2023,4,83,6
17,6,2022,5,93,8
18,7,2026,5,100,10
19,8,2026,2,58,2
20,9,2026,4,91,8
21,9,2025,3,83,4
22,9,2024,3,91,5
23,9,2023,3,63,3
24,9,2022,4,82,9
25,10,2026,3,71,4
26,10,2025,3,73,5
27,10,2024,2,85,3
28,11,2026,4,76,7
29,12,2026,3,75,7
30,13,2026,1,74,2
31,14,2026,1,71,1
32,15,2026,4,71,9
33,16,2026,2,66,3
34,17,2026,4,97,8
35,17,2025,3,84,7
36,17,2024,5,95,9
37,17,2023,5,82,8
38,17,2022,4,99,8
39,18,2026,3,87,5
40,18,2025,3,80,4
41,18,2024,3,83,5
42,18,2023,3,93,6
43,18,2022,2,89,4
44,19,2026,4,62,7
45,20,2026,4,90,6
46,21,2026,4,79,8
47,22,2026,5,87,10
48,23,2026,4,73,7
49,23,2025,2,99,3
50,23,2024,2,75,3
51,23,2023,4,87,6
52,23,2022,3,85,5
53,24,2026,4,80,8
54,24,2025,4,100,9
55,24,2024,5,95,9
56,24,2023,3,99,6
57,24,2022,4,97,7
58,25,2026,5,92,9
59,26,2026,2,84,1
60,26,2025,3,81,6
61,26,2024,3,78,6
62,26,2023,3,86,5
63,26,2022,3,100,7
64,27,2026,2,89,3
65,28,2026,3,84,7
66,28,2025,4,100,5
67,28,2024,3,83,6
68,28,2023,2,63,3
69,28,2022,3,93,6
70,29,2026,2,71,3
71,29,2025,4,86,8
72,29,2024,3,86,6
73,29,2023,4,86,9
74,29,2022,2,72,4
75,30,2026,4,98,7
76,30,2025,4,60,8
77,30,2024,5,88,10
78,30,2023,5,100,10
79,30,2022,4,91,8
80,31,2026,3,78,6
81,31,2025,5,100,9
82,31,2024,4,87,8
83,32,2026,4,83,7
84,33,2026,2,72,4
85,33,2025,2,52,4
86,34,2026,3,83,6
87,34,2025,3,79,6
88,34,2024,3,85,6
89,35,2026,4,100,7
90,35,2025,4,78,9
91,35,2024,3,90,5
92,35,2023,4,70,7
93,35,2022,4,81,6
94,36,2026,3,100,4
95,37,2026,3,98,4
96,37,2025,3,76,6
97,37,2024,3,84,5
98,37,2023,2,85,4
99,38,2026,3,100,5
100,38,2025,2,83,3
101,39,2026,5,92,10
102,40,2026,1,88,1
103,40,2025,2,86,4
104,40,2024,1,78,1
105,40,2023,2,88,4
106,40,2022,2,72,4
107,41,2026,3,62,3
108,41,2025,2,85,5
109,41,2024,3,83,5
110,41,2023,2,73,3
111,42,2026,4,93,7
112,42,2025,4,86,6
113,42,2024,5,74,9
114,42,2023,3,89,5
115,42,2022,3,61,4
116,43,2026,2,66,5
117,43,2025,2,74,5
118,43,2024,1,86,2
119,43,2023,1,71,1
120,43,2022,1,65,3
121,44,2026,2,70,3
122,45,2026,4,100,8
123,46,2026,2,76,3
124,46,2025,4,71,7
125,46,2024,2,78,3
126,46,2023,3,67,5
127,47,2026,3,84,6
128,47,2025,2,59,5
129,47,2024,4,85,6
130,47,2023,4,97,8
131,47,2022,2,69,4
132,48,2026,5,82,10
133,48,2025,5,89,10
134,48,2024,3,90,4
135,48,2023,4,91,8
136,49,2026,4,85,9
137,49,2025,5,96,10
138,49,2024,5,83,10
139,49,2023,4,94,8
140,49,2022,5,89,10
141,50,2026,3,72,5
142,51,2026,3,84,7
143,51,2025,4,82,8
144,51,2024,4,100,7
145,51,2023,2,88,3
146,51,2022,2,84,2
147,52,2026,3,97,5
148,52,2025,2,82,3
149,53,2026,2,67,3
150,54,2026,4,81,6
151,55,2026,5,73,10
152,55,2025,4,57,9
153,56,2026,4,89,7
154,56,2025,2,95,4
155,56,2024,3,73,6
156,56,2023,2,88,2
157,56,2022,3,86,7
158,57,2026,1,84,1
159,57,2025,3,87,5
160,57,2024,2,77,2
161,57,2023,3,77,4
162,58,2026,5,96,10
163,59,2026,3,77,5
164,60,2026,4,100,7
165,60,2025,4,91,7
166,60,2024,3,93,6
167,60,2023,4,81,9
168,60,2022,3,100,5
169,61,2026,3,90,6
170,62,2026,5,99,9
171,62,2025,5,92,8
172,62,2024,5,93,10
173,63,2026,5,97,10
174,63,2025,4,100,8
175,63,2024,4,89,8
176,64,2026,5,83,10
177,64,2025,5,79,10
178,64,2024,5,98,10
179,64,2023,4,93,9
180,65,2026,5,80,10
181,65,2025,5,100,10
182,66,2026,3,69,5
183,66,2025,4,85,8
184,67,2026,3,92,6
185,68,2026,2,84,2
186,68,2025,1,62,1
187,68,2024,1,66,1
188,68,2023,2,78,5
189,69,2026,4,58,7
190,70,2026,3,90,7
191,71,2026,3,87,6
192,72,2026,3,53,5
193,72,2025,5,96,9
194,72,2024,5,86,8
195,72,2023,3,82,5
196,72,2022,3,79,5
197,73,2026,4,73,9
198,74,2026,2,79,2
199,75,2026,3,100,5
200,75,2025,2,68,2
201,75,2024,3,71,5
202,75,2023,2,88,4
203,76,2026,3,88,7
204,76,2025,2,84,4
205,77,2026,5,93,9
206,77,2025,4,92,8
207,77,2024,4,96,8
208,77,2023,5,94,10
209,77,2022,4,75,6
210,78,2026,3,77,6
211,78,2025,4,77,9
212,78,2024,4,100,8
213,78,2023,4,91,8
214,78,2022,3,87,4
215,79,2026,4,74,9
216,79,2025,3,93,5
217,79,2024,4,93,10
218,79,2023,4,89,5
219,79,2022,5,93,10
220,80,2026,5,88,8
221,81,2026,4,86,6
222,81,2025,5,92,8
223,81,2024,3,82,6
224,81,2023,4,84,8
225,81,2022,4,71,7
226,82,2026,4,74,7
227,83,2026,5,87,10
228,83,2025,5,84,10
229,83,2024,3,78,6
230,84,2026,2,52,2
231,84,2025,1,71,1
232,84,2024,1,98,3
233,84,2023,2,72,3
234,84,2022,3,96,5
235,85,2026,4,100,7
236,85,2025,5,85,10
237,85,2024,3,91,6
238,85,2023,4,83,8
239,85,2022,5,93,9
240,86,2026,1,81,1
241,86,2025,1,72,1
242,86,2024,2,68,4
243,86,2023,1,64,1
244,87,2026,4,58,9
245,87,2025,3,73,5
246,87,2024,4,89,9
247,87,2023,4,90,9
248,87,2022,3,77,6
249,88,2026,3,75,5
250,89,2026,1,75,4
251,89,2025,2,88,3
252,89,2024,2,65,4
253,89,2023,2,95,2
254,89,2022,1,54,2
255,90,2026,3,63,6
256,91,2026,4,100,8
257,91,2025,5,97,10
258,91,2024,4,82,6
259,91,2023,5,95,10
260,91,2022,3,73,4
261,92,2026,2,75,4
262,92,2025,2,99,4
263,92,2024,3,77,5
264,93,2026,4,89,7
265,93,2025,5,92,10
266,94,2026,3,83,5
267,95,2026,3,73,5
268,95,2025,2,100,4
269,95,2024,4,81,9
270,95,2023,3,100,5
271,95,2022,3,81,8
272,96,2026,2,81,4
273,97,2026,4,100,6
274,98,2026,2,78,3
275,99,2026,4,79,8
276,99,2025,4,89,8
277,99,2024,3,88,5
278,99,2023,2,79,4
279,99,2022,3,95,6
280,100,2026,3,84,8
281,100,2025,3,78,5
282,100,2024,4,84,8
283,101,2026,4,83,8
284,102,2026,4,100,7
285,102,2025,3,92,6
286,102,2024,4,87,8
287,102,2023,5,87,9
288,103,2026,3,68,5
289,103,2025,3,79,4
290,103,2024,3,81,5
291,103,2023,4,100,8
292,103,2022,4,80,8
293,104,2026,4,74,9
294,104,2025,3,83,6
295,105,2026,4,94,7
296,105,2025,3,46,5
297,105,2024,4,100,7
298,105,2023,4,65,7
299,105,2022,3,80,4
300,106,2026,2,87,5
301,107,2026,5,97,9
302,107,2025,5,75,10
303,107,2024,5,100,8
304,107,2023,5,100,10
305,107,2022,5,96,9
306,108,2026,3,76,5
307,109,2026,3,84,7
308,109,2025,4,81,7
309,110,2026,3,85,7
310,110,2025,2,89,3
311,110,2024,3,93,5
312,110,2023,3,86,6
313,111,2026,3,74,6
314,111,2025,3,93,6
315,111,2024,4,100,8
316,112,2026,4,100,7
317,112,2025,3,61,6
318,113,2026,1,58,3
319,113,2025,2,89,4
320,113,2024,1,89,2
321,113,2023,1,81,1
322,114,2026,4,95,8
323,115,2026,5,97,9
324,116,2026,4,99,8
325,117,2026,5,98,8
326,118,2026,3,71,5
327,118,2025,2,71,3
328,119,2026,1,100,1
329,120,2026,3,93,6
330,120,2025,5,98,9
331,121,2026,2,62,3
332,122,2026,5,100,10
333,123,2026,3,78,4
334,123,2025,2,100,3
335,123,2024,2,82,3
336,124,2026,4,100,7
337,125,2026,5,87,7
338,126,2026,3,87,5
339,127,2026,1,43,2
340,127,2025,2,67,5
341,128,2026,4,81,6
342,129,2026,3,91,5
343,129,2025,3,100,5
344,129,2024,4,90,8
345,129,2023,2,69,4
346,130,2026,3,83,5
347,131,2026,2,88,6
348,132,2026,2,56,2
349,132,2025,2,70,6
350,133,2026,3,83,3
351,134,2026,3,91,9
352,134,2025,2,65,2
353,134,2024,3,91,3
354,134,2023,3,73,6
355,135,2026,5,99,10
356,135,2025,4,76,9
357,136,2026,3,90,6
358,136,2025,2,65,5
359,136,2024,3,78,6
360,136,2023,1,88,2
361,137,2026,3,78,7
362,137,2025,4,91,9
363,137,2024,3,73,6
364,137,2023,3,93,8
365,137,2022,2,44,1
366,138,2026,1,68,1
367,139,2026,4,98,6
368,139,2025,5,94,9
369,139,2024,5,89,9
370,139,2023,5,90,10
371,140,2026,3,94,7
372,140,2025,3,100,5
373,141,2026,3,90,7
374,141,2025,3,71,5
375,141,2024,3,95,5
376,141,2023,2,80,3
377,141,2022,1,99,2
378,142,2026,2,58,4
379,143,2026,2,90,4
380,143,2025,2,100,1
381,143,2024,3,93,8
382,143,2023,2,96,3
383,143,2022,3,78,4
384,144,2026,3,84,5
385,144,2025,3,84,7
386,145,2026,3,78,7
387,145,2025,5,83,8
388,145,2024,4,61,7
389,145,2023,4,85,7
390,145,2022,5,100,8
391,146,2026,2,92,4
392,146,2025,4,75,7
393,146,2024,3,87,4
394,146,2023,3,82,6
395,146,2022,4,94,8
396,147,2026,5,100,10
397,148,2026,3,88,6
398,149,2026,3,77,6
399,149,2025,2,68,2
400,149,2024,3,100,5
401,149,2023,4,95,7
402,149,2022,3,95,6
403,150,2026,3,81,8
404,150,2025,4,91,7
405,151,2026,3,98,7
406,152,2026,3,82,6
407,152,2025,2,71,5
408,152,2024,4,79,7
409,152,2023,3,83,8
410,152,2022,4,73,9
411,153,2026,4,77,6
412,154,2026,2,77,3
413,155,2026,5,100,10
414,156,2026,3,85,4
415,156,2025,3,86,5
416,156,2024,3,87,5
417,156,2023,4,80,7
418,156,2022,4,100,8
419,157,2026,3,83,6
420,158,2026,3,95,5
421,158,2025,3,79,5
422,158,2024,4,85,8
423,158,2023,5,99,10
424,159,2026,4,95,7
425,159,2025,3,83,7
426,159,2024,3,95,5
427,160,2026,4,77,8
428,160,2025,4,90,6
429,160,2024,4,100,7
430,160,2023,4,76,7
431,160,2022,3,100,5
432,161,2026,4,100,7
433,161,2025,2,69,2
434,161,2024,4,94,7
435,161,2023,2,77,4
436,161,2022,3,90,7
437,162,2026,3,76,7
438,162,2025,3,81,8
439,162,2024,3,84,6
440,162,2023,3,76,5
441,162,2022,3,77,5
442,163,2026,3,90,5
443,163,2025,5,100,9
444,163,2024,3,80,5
445,163,2023,3,100,7
446,163,2022,4,77,5
447,164,2026,5,93,8
448,164,2025,4,94,7
449,164,2024,4,100,6
450,164,2023,4,90,7
451,164,2022,4,100,8
452,165,2026,2,88,4
453,166,2026,4,89,8
454,167,2026,5,84,10
455,168,2026,4,91,8
456,168,2025,4,88,8
457,168,2024,3,74,6
458,168,2023,5,82,9
459,168,2022,3,75,5
460,169,2026,4,100,8
461,169,2025,3,64,6
462,169,2024,3,75,8
463,169,2023,3,80,6
464,170,2026,4,94,7
465,170,2025,4,65,7
466,171,2026,3,94,6
467,171,2025,3,76,6
468,171,2024,2,84,4
469,171,2023,1,75,1
470,171,2022,1,81,1
471,172,2026,4,100,8
472,173,2026,2,61,2
473,173,2025,1,63,1
474,174,2026,2,86,5
475,175,2026,2,79,3
476,176,2026,2,57,2
477,177,2026,3,92,5
478,178,2026,4,80,7
479,179,2026,5,100,10
480,179,2025,3,82,6
481,179,2024,5,95,10
482,179,2023,3,70,6
483,180,2026,4,90,7
484,181,2026,4,81,8
485,182,2026,1,89,1
486,182,2025,1,69,1
487,182,2024,1,76,1
488,183,2026,3,77,5
489,184,2026,3,92,5
490,184,2025,4,71,6
491,184,2024,4,100,7
492,184,2023,3,74,4
493,184,2022,3,84,6
494,185,2026,3,89,5
495,185,2025,3,89,5
496,185,2024,3,83,6
497,185,2023,4,100,7
498,186,2026,4,93,6
499,187,2026,4,86,6
500,187,2025,5,100,9
501,187,2024,3,75,6
502,187,2023,4,83,7
503,187,2022,3,70,6
504,188,2026,3,95,7
505,188,2025,3,93,4
506,188,2024,3,88,4
507,188,2023,3,81,5
508,188,2022,4,82,8
509,189,2026,2,70,5
510,189,2025,2,70,3
511,190,2026,3,87,5
512,190,2025,1,99,1
513,190,2024,1,80,3
514,190,2023,1,89,1
515,190,2022,2,73,3
516,191,2026,5,76,10
517,191,2025,5,97,10
518,191,2024,5,89,10
519,191,2023,5,70,10
520,191,2022,5,100,8
521,192,2026,1,95,1
522,193,2026,5,100,10
523,193,2025,3,77,5
524,193,2024,4,91,8
525,193,2023,5,100,10
526,193,2022,4,89,7
527,194,2026,5,95,9
528,195,2026,3,74,5
529,195,2025,4,81,5
530,195,2024,3,90,6
531,195,2023,3,95,6
532,195,2022,2,92,2
533,196,2026,3,67,4
534,196,2025,4,65,8
535,196,2024,3,89,5
536,197,2026,4,98,7
537,198,2026,2,97,5
538,198,2025,3,81,6
539,199,2026,4,86,8
540,200,2026,5,100,10
541,200,2025,5,75,10
542,200,2024,3,100,6
543,200,2023,3,70,6
544,200,2022,4,100,7
545,201,2026,4,100,8
546,201,2025,4,95,8
547,201,2024,4,85,7
548,201,2023,4,81,9
549,201,2022,4,92,9
550,202,2026,5,94,9
551,202,2025,4,62,7
552,202,2024,3,84,6
553,202,2023,4,80,6
554,202,2022,3,73,4
555,203,2026,3,86,6
556,204,2026,3,95,4
557,205,2026,4,76,9
558,205,2025,4,100,6
559,205,2024,5,100,9
560,205,2023,5,100,9
561,206,2026,5,75,9
562,206,2025,3,89,6
563,206,2024,3,88,4
564,206,2023,4,100,10
565,206,2022,3,73,5
566,207,2026,2,90,3
567,207,2025,3,91,5
568,207,2024,2,100,5
569,207,2023,3,80,5
570,207,2022,2,70,4
571,208,2026,4,71,8
572,209,2026,3,100,4
573,210,2026,3,74,5
574,210,2025,3,71,6
575,211,2026,4,74,8
576,211,2025,3,66,7
577,211,2024,3,85,5
578,211,2023,2,73,3
579,211,2022,2,80,4
580,212,2026,5,94,10
581,213,2026,5,100,10
582,213,2025,5,100,10
583,213,2024,5,100,10
584,213,2023,5,100,9
585,213,2022,5,82,10
586,214,2026,4,80,6
587,214,2025,4,100,7
588,214,2024,3,90,5
589,214,2023,5,80,10
590,215,2026,5,78,10
591,215,2025,5,99,8
592,215,2024,4,79,6
593,215,2023,4,91,7
594,215,2022,3,63,5
595,216,2026,2,93,3
596,216,2025,4,91,6
597,216,2024,3,86,7
598,217,2026,2,90,4
599,217,2025,3,85,5
600,217,2024,2,91,1
601,217,2023,3,90,6
602,218,2026,5,94,9
603,219,2026,4,89,10
604,220,2026,4,79,8
605,220,2025,4,96,8
606,221,2026,3,89,6
607,221,2025,2,81,4
608,221,2024,2,71,2
609,221,2023,4,94,8
610,221,2022,3,100,5
611,222,2026,5,100,10
612,223,2026,4,83,7
613,223,2025,4,77,6
614,223,2024,3,89,7
615,223,2023,2,84,3
616,224,2026,4,82,7
617,225,2026,4,95,8
618,226,2026,1,70,1
619,227,2026,3,72,6
620,227,2025,3,83,4
621,227,2024,4,97,7
622,227,2023,3,97,7
623,227,2022,3,72,7
624,228,2026,4,81,8
625,228,2025,2,72,4
626,228,2024,3,79,6
627,228,2023,3,100,6
628,229,2026,4,78,9
629,229,2025,5,96,10
630,229,2024,5,100,9
631,229,2023,3,95,6
632,230,2026,3,92,6
633,231,2026,4,85,7
634,232,2026,2,65,5
635,233,2026,3,85,6
636,233,2025,2,73,1
637,233,2024,2,69,4
638,233,2023,3,84,4
639,234,2026,3,93,5
640,235,2026,2,96,4
641,236,2026,3,79,5
642,236,2025,5,85,10
643,236,2024,4,89,8
644,237,2026,5,95,8
645,237,2025,4,81,9
646,237,2024,4,92,7
647,238,2026,5,83,8
648,239,2026,4,93,7
649,240,2026,4,100,9
650,241,2026,4,81,9
651,242,2026,3,76,6
652,243,2026,2,90,3
653,244,2026,2,86,2
654,244,2025,3,96,5
655,244,2024,4,95,7
656,244,2023,3,86,5
657,245,2026,4,82,7
658,245,2025,4,80,6
659,245,2024,3,100,5
660,245,2023,4,97,7
661,245,2022,4,91,7
662,246,2026,3,69,7
663,246,2025,3,46,7
664,246,2024,2,61,4
665,246,2023,2,67,4
666,247,2026,2,79,2
667,247,2025,2,88,5
668,247,2024,4,86,7
669,247,2023,4,80,7
670,247,2022,3,70,5
671,248,2026,3,83,6
672,249,2026,4,100,7
673,249,2025,3,86,4
674,249,2024,3,79,4
675,249,2023,4,87,8
676,250,2026,4,73,8
677,251,2026,1,81,3
678,251,2025,2,79,2
679,251,2024,2,94,4
680,251,2023,1,90,1
681,251,2022,3,58,5
682,252,2026,5,89,7
683,252,2025,5,100,10
684,253,2026,2,87,5
685,254,2026,4,82,9
686,254,2025,3,73,4
687,254,2024,5,94,9
688,254,2023,4,66,5
689,254,2022,5,83,10
690,255,2026,5,100,10
691,255,2025,5,87,10
692,255,2024,4,92,9
693,255,2023,5,91,10
694,255,2022,5,64,10
695,256,2026,3,68,6
696,256,2025,3,90,6
697,256,2024,3,97,7
698,256,2023,3,100,6
699,256,2022,2,64,3
700,257,2026,3,89,5
701,258,2026,3,100,7
702,258,2025,3,92,7
703,258,2024,4,82,7
704,258,2023,3,76,7
705,258,2022,2,87,3
706,259,2026,3,80,4
707,260,2026,4,92,8
708,260,2025,2,54,4
709,261,2026,5,93,9
710,261,2025,5,98,10
711,261,2024,4,88,9
712,261,2023,5,94,10
713,261,2022,4,88,7
714,262,2026,5,100,8
715,263,2026,3,78,6
716,263,2025,2,63,4
717,263,2024,3,100,4
718,263,2023,4,100,7
719,263,2022,3,79,6
720,264,2026,1,65,1
721,264,2025,2,96,3
722,264,2024,1,70,3
723,264,2023,1,66,2
724,264,2022,1,73,2
725,265,2026,5,79,9
726,265,2025,5,92,10
727,265,2024,3,91,5
728,265,2023,5,100,10
729,265,2022,5,100,10
730,266,2026,4,73,8
731,266,2025,4,86,7
732,266,2024,4,82,9
733,266,2023,4,94,9
734,267,2026,2,69,3
735,268,2026,5,95,10
736,269,2026,4,82,9
737,270,2026,5,100,10
738,270,2025,5,83,8
739,270,2024,5,85,10
740,270,2023,4,95,7
741,270,2022,4,70,9
742,271,2026,3,89,8
743,271,2025,3,82,5
744,271,2024,4,78,7
745,272,2026,3,81,4
746,273,2026,3,69,6
747,273,2025,2,79,5
748,273,2024,4,100,8
749,273,2023,3,98,5
750,273,2022,3,84,5
751,274,2026,3,85,6
752,275,2026,2,53,4
753,276,2026,4,78,6
754,276,2025,3,88,3
755,276,2024,4,100,7
756,276,2023,5,98,9
757,276,2022,3,100,6
758,277,2026,4,100,8
759,278,2026,5,100,9
760,279,2026,3,84,7
761,279,2025,3,88,5
762,279,2024,4,91,10
763,279,2023,3,82,5
764,280,2026,5,96,9
765,280,2025,4,100,9
766,281,2026,3,60,5
767,281,2025,3,75,6
768,281,2024,2,78,3
769,281,2023,2,73,3
770,282,2026,5,100,10
771,283,2026,1,51,2
772,283,2025,1,65,1
773,284,2026,3,71,6
774,284,2025,3,89,6
775,284,2024,3,80,7
776,284,2023,3,70,5
777,284,2022,2,94,3
778,285,2026,4,84,8
779,285,2025,4,100,8
780,285,2024,3,100,4
781,285,2023,5,100,10
782,285,2022,3,93,5
783,286,2026,4,100,5
784,286,2025,4,73,6
785,287,2026,2,67,2
786,287,2025,3,97,7
787,287,2024,3,67,7
788,287,2023,3,89,5
789,287,2022,3,93,5
790,288,2026,4,95,8
791,289,2026,4,81,6
792,290,2026,2,78,1
793,291,2026,3,64,4
794,292,2026,4,100,7
795,292,2025,5,90,8
796,293,2026,3,85,5
797,294,2026,2,69,5
798,295,2026,4,79,5
799,295,2025,2,95,4
800,295,2024,3,88,6
801,295,2023,4,94,7
802,296,2026,3,84,6
803,296,2025,4,98,6
804,297,2026,4,95,8
805,298,2026,4,88,7
806,298,2025,4,87,7
807,298,2024,4,89,6
808,299,2026,3,95,7
809,300,2026,3,82,6
810,301,2026,4,99,7
811,301,2025,5,94,8
812,301,2024,5,100,10
813,301,2023,5,78,10
814,301,2022,5,75,9
815,302,2026,5,91,10
816,302,2025,5,84,10
817,303,2026,2,79,4
818,303,2025,4,91,10
819,304,2026,3,69,6
820,304,2025,1,76,1
821,304,2024,2,100,3
822,304,2023,2,69,5
823,305,2026,2,88,2
824,305,2025,3,67,6
825,305,2024,2,80,4
826,306,2026,5,63,10
827,306,2025,4,75,7
828,306,2024,5,76,10
829,306,2023,5,89,10
830,307,2026,5,100,7
831,307,2025,5,96,10
832,308,2026,3,68,5
833,309,2026,3,100,5
834,310,2026,4,100,8
835,310,2025,5,67,10
836,310,2024,4,77,8
837,310,2023,5,86,10
838,311,2026,3,91,5
839,312,2026,4,81,7
840,313,2026,4,82,6
841,314,2026,3,83,5
842,315,2026,3,73,6
843,316,2026,4,90,8
844,316,2025,5,100,8
845,316,2024,4,91,9
846,316,2023,4,96,7
847,316,2022,4,87,9
848,317,2026,4,78,7
849,317,2025,4,98,9
850,318,2026,2,67,3
851,318,2025,3,82,6
852,318,2024,2,83,2
853,318,2023,3,100,7
854,318,2022,2,81,5
855,319,2026,4,77,8
856,319,2025,4,87,8
857,319,2024,4,79,8
858,320,2026,4,98,8
859,320,2025,3,81,6
860,320,2024,2,68,3
861,320,2023,3,100,4
862,320,2022,3,95,3
863,321,2026,5,96,10
864,322,2026,2,77,4
865,322,2025,3,73,3
866,323,2026,3,83,6
867,324,2026,3,97,5
868,324,2025,3,99,6
869,324,2024,2,91,5
870,324,2023,3,87,5
871,324,2022,3,94,3
872,325,2026,4,81,8
873,325,2025,4,76,6
874,325,2024,2,79,3
875,325,2023,2,77,4
876,325,2022,4,98,9
877,326,2026,2,84,5
878,327,2026,4,91,5
879,328,2026,4,100,5
880,329,2026,2,69,3
881,329,2025,3,82,7
882,329,2024,3,87,5
883,329,2023,3,77,6
884,329,2022,3,89,6
885,330,2026,3,73,7
886,330,2025,3,86,6
887,330,2024,4,89,7
888,331,2026,4,78,6
889,332,2026,4,100,9
890,332,2025,5,100,8
891,332,2024,3,77,5
892,332,2023,4,85,6
893,333,2026,4,91,9
894,333,2025,3,78,6
895,333,2024,2,100,4
896,333,2023,3,75,7
897,334,2026,5,82,10
898,335,2026,4,100,9
899,335,2025,2,91,3
900,336,2026,4,88,8
901,336,2025,4,87,7
902,337,2026,4,100,8
903,337,2025,3,95,4
904,338,2026,4,85,8
905,339,2026,4,96,8
906,340,2026,4,83,8
907,341,2026,4,81,9
908,342,2026,4,100,7
909,342,2025,3,86,6
910,342,2024,5,100,8
911,342,2023,3,77,8
912,342,2022,4,100,8
913,343,2026,4,79,7
914,343,2025,5,90,8
915,343,2024,4,100,8
916,343,2023,4,95,6
917,344,2026,3,81,4
918,345,2026,3,97,4
919,346,2026,3,100,5
920,347,2026,2,80,4
921,347,2025,3,61,4
922,347,2024,3,66,6
923,348,2026,3,73,7
924,349,2026,3,81,6
925,349,2025,1,72,1
926,350,2026,3,95,5
927,351,2026,3,100,4
928,351,2025,3,73,7
929,351,2024,3,90,5
930,351,2023,4,89,10
931,351,2022,3,100,6
932,352,2026,4,95,8
933,352,2025,3,100,5
934,352,2024,5,76,10
935,352,2023,5,100,10
936,352,2022,5,100,9
937,353,2026,2,87,3
938,354,2026,4,97,8
939,354,2025,3,78,3
940,354,2024,4,100,7
941,355,2026,3,59,5
942,356,2026,5,80,9
943,356,2025,5,94,10
944,356,2024,4,96,9
945,357,2026,3,100,6
946,357,2025,3,81,4
947,357,2024,2,63,5
948,358,2026,3,100,6
949,358,2025,3,80,5
950,358,2024,3,88,6
951,358,2023,4,80,7
952,358,2022,2,73,3
953,359,2026,2,80,5
954,359,2025,3,100,7
955,359,2024,3,84,4
956,360,2026,4,100,5
957,361,2026,2,75,3
958,361,2025,3,80,6
959,361,2024,3,78,7
960,361,2023,1,72,1
961,361,2022,2,82,3
962,362,2026,3,86,5
963,362,2025,4,95,8
964,362,2024,3,77,6
965,362,2023,3,100,5
966,362,2022,4,100,8
967,363,2026,3,74,6
968,363,2025,4,93,10
969,363,2024,3,77,5
970,363,2023,3,61,4
971,363,2022,3,87,4
972,364,2026,2,87,4
973,364,2025,3,88,4
974,364,2024,3,83,4
975,364,2023,4,72,7
976,364,2022,3,79,2
977,365,2026,3,83,7
978,366,2026,5,92,9
979,366,2025,4,83,7
980,366,2024,4,77,8
981,367,2026,4,92,8
982,367,2025,5,87,10
983,367,2024,5,91,9
984,367,2023,3,82,7
985,368,2026,5,87,10
986,368,2025,4,90,8
987,368,2024,4,100,6
988,368,2023,5,95,10
989,368,2022,5,91,9
990,369,2026,3,77,4
991,369,2025,3,74,7
992,369,2024,4,92,7
993,369,2023,4,80,6
994,369,2022,3,82,5
995,370,2026,3,91,5
996,371,2026,4,100,10
997,371,2025,3,88,6
998,371,2024,5,87,10
999,371,2023,3,75,5
1000,371,2022,5,94,10
1001,372,2026,3,79,5
1002,372,2025,2,72,3
1003,372,2024,3,95,6
1004,373,2026,3,78,4
1005,374,2026,3,84,6
1006,375,2026,4,91,7
1007,375,2025,4,100,7
1008,375,2024,4,84,7
1009,375,2023,3,66,6
1010,375,2022,4,99,7
1011,376,2026,3,55,6
1012,376,2025,3,85,5
1013,376,2024,3,89,6
1014,376,2023,2,88,2
1015,377,2026,3,70,4
1016,378,2026,3,89,5
1017,378,2025,3,77,5
1018,378,2024,3,72,5
1019,378,2023,4,89,6
1020,379,2026,4,81,7
1021,379,2025,5,100,9
1022,380,2026,3,92,5
1023,381,2026,5,96,10
1024,381,2025,4,96,8
1025,381,2024,4,100,7
1026,381,2023,5,82,9
1027,381,2022,5,87,9
1028,382,2026,2,91,3
1029,382,2025,2,77,5
1030,382,2024,1,71,1
1031,383,2026,3,100,3
1032,384,2026,3,69,4
1033,385,2026,4,100,8
1034,386,2026,4,97,8
1035,386,2025,4,87,8
1036,386,2024,4,71,6
1037,386,2023,4,84,7
1038,386,2022,5,93,10
1039,387,2026,4,88,9
1040,387,2025,4,83,8
1041,387,2024,5,86,9
1042,387,2023,5,89,10
1043,387,2022,5,64,8
1044,388,2026,3,81,6
1045,388,2025,4,100,7
1046,388,2024,3,100,5
1047,389,2026,4,74,7
1048,389,2025,4,90,8
1049,390,2026,1,62,1
1050,390,2025,1,80,2
1051,390,2024,2,100,5
1052,390,2023,1,73,2
1053,391,2026,3,77,5
1054,392,2026,5,91,9
1055,392,2025,3,93,7
1056,392,2024,4,95,7
1057,393,2026,4,78,7
1058,393,2025,4,94,7
1059,394,2026,4,97,9
1060,394,2025,3,69,6
1061,394,2024,2,71,3
1062,394,2023,2,84,4
1063,394,2022,3,78,5
1064,395,2026,3,93,4
1065,396,2026,5,81,9
1066,397,2026,2,81,4
1067,398,2026,4,79,7
1068,399,2026,2,92,4
1069,400,2026,2,87,5
1070,400,2025,1,51,1
1071,401,2026,5,83,9
1072,402,2026,3,95,6
1073,403,2026,5,80,9
1074,403,2025,5,100,9
1075,403,2024,5,66,9
1076,403,2023,4,89,8
1077,403,2022,5,93,10
1078,404,2026,3,92,6
1079,404,2025,3,80,6
1080,404,2024,3,100,5
1081,404,2023,2,83,5
1082,404,2022,4,94,6
1083,405,2026,5,85,8
1084,406,2026,3,70,5
1085,406,2025,4,95,7
1086,407,2026,3,84,6
1087,408,2026,3,73,6
1088,408,2025,2,64,4
1089,409,2026,3,83,5
1090,409,2025,3,100,6
1091,410,2026,4,100,9
1092,410,2025,4,100,9
1093,410,2024,4,99,8
1094,411,2026,4,85,5
1095,411,2025,5,78,9
1096,411,2024,4,74,7
1097,411,2023,3,99,5
1098,411,2022,3,100,5
1099,412,2026,3,69,4
1100,412,2025,4,80,9
1101,412,2024,4,100,8
1102,413,2026,3,72,6
1103,413,2025,4,92,7
1104,413,2024,5,100,10
1105,413,2023,3,97,6
1106,413,2022,3,90,5
1107,414,2026,5,96,9
1108,414,2025,5,84,9
1109,414,2024,4,92,7
1110,414,2023,5,95,10
1111,415,2026,4,88,5
1112,415,2025,4,83,8
1113,416,2026,5,87,9
1114,417,2026,1,68,3
1115,417,2025,2,89,3
1116,417,2024,1,83,1
1117,417,2023,1,98,1
1118,418,2026,3,86,6
1119,418,2025,5,100,8
1120,419,2026,3,99,5
1121,419,2025,4,72,6
1122,420,2026,4,100,9
1123,421,2026,2,100,4
1124,422,2026,4,93,8
1125,422,2025,3,81,6
1126,422,2024,4,98,6
1127,422,2023,4,92,7
1128,423,2026,2,69,4
1129,423,2025,2,69,4
1130,423,2024,2,81,3
1131,423,2023,2,79,4
1132,423,2022,1,70,2
1133,424,2026,4,84,8
1134,425,2026,4,100,6
1135,425,2025,4,87,7
1136,425,2024,4,82,8
1137,426,2026,4,72,7
1138,427,2026,4,82,9
1139,427,2025,3,68,3
1140,427,2024,3,75,6
1141,427,2023,4,81,8
1142,427,2022,4,92,6
1143,428,2026,3,49,6
1144,429,2026,4,66,6
1145,430,2026,3,76,5
1146,430,2025,4,80,9
1147,430,2024,3,71,5
1148,430,2023,4,68,6
1149,430,2022,3,90,7
1150,431,2026,5,86,10
1151,431,2025,3,100,6
1152,431,2024,4,77,7
1153,431,2023,3,75,4
1154,431,2022,5,92,10
1155,432,2026,4,82,8
1156,433,2026,5,100,9
1157,434,2026,2,77,3
1158,434,2025,2,77,2
1159,434,2024,3,97,5
1160,435,2026,5,93,9
1161,435,2025,4,90,6
1162,435,2024,4,98,8
1163,436,2026,5,94,9
1164,437,2026,3,100,6
1165,437,2025,3,83,4
1166,437,2024,4,84,8
1167,437,2023,5,85,9
1168,437,2022,5,100,8
1169,438,2026,4,100,7
1170,438,2025,3,70,5
1171,438,2024,5,100,10
1172,439,2026,3,89,5
1173,439,2025,3,80,4
1174,439,2024,2,65,4
1175,439,2023,3,93,4
1176,439,2022,3,77,8
1177,440,2026,4,74,8
1178,440,2025,4,70,7
1179,441,2026,4,100,7
1180,441,2025,4,100,8
1181,441,2024,4,100,8
1182,441,2023,4,100,9
1183,441,2022,3,76,6
1184,442,2026,3,87,6
1185,442,2025,2,64,3
1186,442,2024,3,70,6
1187,442,2023,3,91,6
1188,442,2022,3,88,4
1189,443,2026,3,79,7
1190,443,2025,2,87,4
1191,443,2024,4,94,6
1192,443,2023,4,100,9
1193,443,2022,4,91,8
1194,444,2026,2,100,3
1195,445,2026,4,92,8
1196,445,2025,4,100,8
1197,446,2026,3,97,5
1198,447,2026,4,58,7
1199,448,2026,5,96,10
1200,449,2026,3,91,7
1201,449,2025,4,100,7
1202,449,2024,4,94,8
1203,449,2023,5,77,8
1204,450,2026,3,86,7
1205,451,2026,2,79,5
1206,451,2025,4,90,9
1207,451,2024,3,74,6
1208,451,2023,3,92,7
1209,451,2022,3,88,5
1210,452,2026,3,83,5
1211,452,2025,2,80,4
1212,452,2024,3,57,5
1213,453,2026,3,92,6
1214,453,2025,3,73,6
1215,454,2026,2,62,3
1216,455,2026,5,93,9
1217,456,2026,2,79,4
1218,456,2025,3,90,6
1219,457,2026,3,62,4
1220,457,2025,5,71,10
1221,457,2024,3,81,7
1222,458,2026,3,100,6
1223,458,2025,4,100,6
1224,458,2024,3,88,7
1225,458,2023,4,87,6
1226,459,2026,4,72,7
1227,460,2026,3,77,6
1228,460,2025,2,99,3
1229,460,2024,2,100,4
1230,460,2023,4,88,7
1231,460,2022,4,95,8
1232,461,2026,3,82,5
1233,462,2026,2,78,5
1234,462,2025,3,98,6
1235,462,2024,2,83,4
1236,462,2023,3,64,6
1237,462,2022,3,86,5
1238,463,2026,2,83,2
1239,464,2026,2,84,3
1240,464,2025,2,88,3
1241,464,2024,3,88,8
1242,464,2023,2,81,2
1243,464,2022,2,72,2
1244,465,2026,4,88,10
1245,465,2025,3,81,5
1246,465,2024,4,81,7
1247,465,2023,4,92,10
1248,465,2022,3,94,6
1249,466,2026,5,91,10
1250,466,2025,3,68,6
1251,467,2026,3,98,5
1252,468,2026,2,85,4
1253,469,2026,4,84,8
1254,470,2026,1,83,2
1255,470,2025,2,74,4
1256,470,2024,1,82,1
1257,471,2026,4,90,8
1258,472,2026,3,84,5
1259,472,2025,3,86,4
1260,472,2024,3,97,4
1261,472,2023,3,66,5
1262,473,2026,3,73,6
1263,473,2025,2,86,2
1264,474,2026,2,64,4
1265,474,2025,3,89,7
1266,474,2024,3,100,5
1267,474,2023,2,81,3
1268,474,2022,3,67,6
1269,475,2026,3,94,6
1270,476,2026,4,99,8
1271,477,2026,3,86,6
1272,477,2025,3,85,7
1273,478,2026,2,70,4
1274,478,2025,3,66,6
1275,479,2026,4,92,5
1276,479,2025,3,80,6
1277,479,2024,3,92,6
1278,479,2023,3,88,6
1279,480,2026,5,87,10
1280,480,2025,4,72,7
1281,480,2024,4,100,9
1282,480,2023,4,76,5
1283,480,2022,4,100,6
1284,481,2026,3,71,6
1285,481,2025,4,95,8
1286,481,2024,3,87,8
1287,481,2023,3,83,4
1288,481,2022,3,73,5
1289,482,2026,3,65,5
1290,483,2026,4,84,8
1291,484,2026,4,78,7
1292,484,2025,4,60,6
1293,484,2024,4,86,6
1294,484,2023,3,75,6
1295,484,2022,4,100,8
1296,485,2026,3,93,7
1297,486,2026,2,79,4
1298,486,2025,3,100,4
1299,487,2026,3,100,8
1300,487,2025,5,70,8
1301,487,2024,3,80,5
1302,487,2023,4,100,8
1303,487,2022,3,71,5
1304,488,2026,4,83,10
1305,489,2026,4,90,6
1306,489,2025,5,100,10
1307,489,2024,4,95,7
1308,490,2026,3,73,6
1309,491,2026,3,92,6
1310,492,2026,2,59,3
1311,493,2026,5,74,10
1312,494,2026,4,83,8
1313,494,2025,3,95,7
1314,494,2024,4,100,9
1315,494,2023,2,93,3
1316,495,2026,5,89,9
1317,495,2025,5,76,8
1318,495,2024,4,100,7
1319,495,2023,4,100,6
1320,496,2026,4,95,8
1321,497,2026,4,73,8
1322,498,2026,3,85,7
1323,498,2025,2,73,3
1324,498,2024,2,78,4
1325,498,2023,2,86,4
1326,498,2022,4,92,7
1327,499,2026,5,94,10
1328,500,2026,2,75,5
1329,500,2025,2,70,3
1330,501,2026,3,96,5
1331,502,2026,2,87,5
1332,502,2025,3,84,5
1333,503,2026,1,60,2
1334,504,2026,3,86,5
1335,504,2025,4,83,6
1336,505,2026,3,76,4
1337,506,2026,5,69,10
1338,507,2026,3,84,6
1339,507,2025,2,75,3
1340,507,2024,3,79,6
1341,507,2023,4,85,7
1342,507,2022,2,69,3
1343,508,2026,1,72,2
1344,508,2025,3,68,5
1345,508,2024,2,77,4
1346,508,2023,1,70,1
1347,508,2022,1,51,1
1348,509,2026,3,64,7
1349,510,2026,5,85,10
1350,510,2025,3,93,3
1351,510,2024,5,100,9
1352,510,2023,5,100,10
1353,511,2026,2,75,2
1354,511,2025,2,85,4
1355,512,2026,5,90,10
1356,513,2026,3,83,6
1357,513,2025,2,76,2
1358,513,2024,3,56,4
1359,513,2023,3,82,5
1360,513,2022,3,87,6
1361,514,2026,4,98,9
1362,515,2026,3,77,6
1363,515,2025,3,96,5
1364,515,2024,3,85,6
1365,515,2023,1,84,2
1366,516,2026,3,79,6
1367,517,2026,3,74,4
1368,518,2026,2,80,6
1369,518,2025,4,71,7
1370,518,2024,3,83,6
1371,518,2023,2,86,4
1372,518,2022,3,67,4
1373,519,2026,2,92,3
1374,520,2026,2,82,4
1375,520,2025,4,89,9
1376,520,2024,3,76,5
1377,520,2023,3,86,5
1378,520,2022,4,100,8
1379,521,2026,4,90,7
1380,522,2026,3,52,5
1381,523,2026,4,77,6
1382,524,2026,4,95,7
1383,525,2026,1,66,3
1384,526,2026,2,91,3
1385,526,2025,3,98,5
1386,526,2024,4,86,8
1387,527,2026,3,84,4
1388,528,2026,3,66,5
1389,528,2025,2,74,3
1390,529,2026,3,92,6
1391,530,2026,4,100,8
1392,530,2025,3,92,6
1393,530,2024,4,100,9
1394,530,2023,4,84,8
1395,530,2022,4,88,7
1396,531,2026,2,73,3
1397,531,2025,1,100,1
1398,531,2024,1,100,1
1399,532,2026,5,99,9
1400,533,2026,4,73,9
1401,534,2026,2,70,3
1402,535,2026,3,92,6
1403,535,2025,3,89,6
1404,535,2024,3,81,7
1405,536,2026,5,100,9
1406,536,2025,5,100,10
1407,536,2024,5,100,7
1408,536,2023,5,100,6
1409,536,2022,5,74,10
1410,537,2026,5,96,8
1411,538,2026,4,90,6
1412,538,2025,3,92,7
1413,538,2024,3,75,6
1414,538,2023,5,100,9
1415,539,2026,5,100,9
1416,539,2025,4,88,7
1417,539,2024,4,100,9
1418,539,2023,4,95,8
1419,539,2022,4,96,7
1420,540,2026,4,79,8
1421,540,2025,4,69,6
1422,540,2024,5,81,10
1423,541,2026,4,76,8
1424,542,2026,3,81,5
1425,543,2026,2,98,4
1426,543,2025,3,93,7
1427,544,2026,2,80,5
1428,545,2026,4,68,8
1429,545,2025,5,92,10
1430,545,2024,4,74,7
1431,546,2026,3,86,6
1432,546,2025,4,83,8
1433,546,2024,5,100,9
1434,546,2023,4,80,6
1435,546,2022,3,73,5
1436,547,2026,3,90,6
1437,547,2025,3,58,6
1438,547,2024,2,55,5
1439,547,2023,4,100,7
1440,547,2022,3,72,6
1441,548,2026,3,86,4
1442,548,2025,3,90,6
1443,548,2024,3,94,5
1444,548,2023,3,84,5
1445,548,2022,3,100,5
1446,549,2026,3,100,4
1447,549,2025,3,85,4
1448,549,2024,3,65,6
1449,549,2023,2,71,3
1450,549,2022,3,100,6
1451,550,2026,3,100,6
1452,551,2026,4,83,10
1453,552,2026,4,85,8
1454,552,2025,4,60,9
1455,552,2024,4,82,7
1456,552,2023,3,76,5
1457,553,2026,4,100,7
1458,553,2025,4,97,8
1459,553,2024,4,94,8
1460,553,2023,3,74,5
1461,553,2022,4,98,7
1462,554,2026,3,71,4
1463,555,2026,5,100,7
1464,555,2025,4,100,8
1465,555,2024,4,73,8
1466,555,2023,3,56,6
1467,555,2022,5,86,10
1468,556,2026,5,100,10
1469,557,2026,4,92,7
1470,558,2026,3,96,7
1471,558,2025,2,64,4
1472,559,2026,4,85,7
1473,559,2025,4,88,6
1474,559,2024,3,97,8
1475,559,2023,2,87,3
1476,559,2022,3,80,5
1477,560,2026,3,87,7
1478,561,2026,5,92,10
1479,561,2025,4,71,7
1480,561,2024,5,87,8
1481,561,2023,4,92,8
1482,561,2022,3,93,5
1483,562,2026,1,69,1
1484,562,2025,2,81,3
1485,562,2024,1,80,3
1486,563,2026,3,82,5
1487,564,2026,3,73,6
1488,564,2025,5,84,10
1489,564,2024,5,93,10
1490,564,2023,4,87,6
1491,565,2026,3,68,5
1492,566,2026,2,84,5
1493,567,2026,4,100,8
1494,567,2025,4,89,7
1495,568,2026,1,70,2
1496,568,2025,1,69,1
1497,568,2024,1,63,1
1498,568,2023,2,82,4
1499,568,2022,1,77,1
1500,569,2026,4,96,10
1501,569,2025,4,66,7
1502,570,2026,5,93,8
1503,571,2026,5,84,9
1504,571,2025,5,96,10
1505,571,2024,5,100,8
1506,571,2023,4,70,8
1507,571,2022,4,92,8
1508,572,2026,4,94,7
1509,573,2026,3,93,7
1510,574,2026,4,77,6
1511,575,2026,4,94,7
1512,575,2025,5,100,10
1513,576,2026,2,71,6
1514,576,2025,1,68,1
1515,576,2024,3,100,6
1516,576,2023,2,76,2
1517,576,2022,2,76,4
1518,577,2026,5,81,10
1519,578,2026,3,100,6
1520,579,2026,4,90,10
1521,579,2025,3,87,5
1522,580,2026,2,75,2
1523,581,2026,5,84,10
1524,582,2026,1,60,1
1525,583,2026,5,100,10
1526,584,2026,1,81,2
1527,584,2025,1,70,3
1528,584,2024,2,100,5
1529,584,2023,1,78,1
1530,584,2022,2,80,3
1531,585,2026,5,89,8
1532,586,2026,1,51,1
1533,586,2025,3,100,4
1534,587,2026,4,83,7
1535,588,2026,5,85,9
1536,588,2025,5,98,10
1537,588,2024,5,100,10
1538,588,2023,5,92,8
1539,588,2022,5,100,10
1540,589,2026,2,80,2
1541,589,2025,3,100,6
1542,589,2024,3,81,7
1543,589,2023,2,70,3
1544,589,2022,4,78,6
1545,590,2026,4,70,6
1546,590,2025,4,93,8
1547,591,2026,2,91,5
1548,591,2025,2,99,2
1549,591,2024,2,83,3
1550,591,2023,2,80,2
1551,591,2022,2,70,4
1552,592,2026,3,100,3
1553,593,2026,3,91,5
1554,593,2025,4,100,7
1555,593,2024,4,88,7
1556,594,2026,5,100,8
1557,595,2026,3,80,6
1558,596,2026,3,89,5
1559,597,2026,2,81,4
1560,597,2025,3,84,7
1561,597,2024,4,97,6
1562,598,2026,4,100,8
1563,598,2025,3,86,5
1564,598,2024,2,75,5
1565,598,2023,3,89,6
1566,599,2026,2,71,4
1567,599,2025,3,77,4
1568,600,2026,2,81,4
1569,600,2025,4,100,7
1570,601,2026,3,84,5
1571,601,2025,3,74,4
1572,602,2026,2,74,3
1573,602,2025,2,55,3
1574,603,2026,3,89,7
1575,604,2026,2,82,3
1576,605,2026,3,83,5
1577,606,2026,3,82,4
1578,607,2026,2,65,4
1579,608,2026,4,100,8
1580,609,2026,5,93,10
1581,610,2026,3,97,5
1582,611,2026,3,79,7
1583,611,2025,3,68,5
1584,611,2024,3,80,8
1585,611,2023,3,89,5
1586,611,2022,4,80,7
1587,612,2026,4,86,8
1588,612,2025,3,81,5
1589,612,2024,4,86,9
1590,612,2023,4,99,8
1591,612,2022,4,92,6
1592,613,2026,4,77,8
1593,614,2026,4,88,7
1594,615,2026,3,73,4
1595,615,2025,2,68,4
1596,615,2024,3,68,4
1597,615,2023,4,69,7
1598,616,2026,1,87,2
1599,616,2025,1,67,1
1600,616,2024,2,88,4
1601,616,2023,2,100,4
1602,616,2022,1,65,1
1603,617,2026,3,100,4
1604,617,2025,3,90,5
1605,617,2024,4,97,9
1606,617,2023,2,89,4
1607,617,2022,4,94,7
1608,618,2026,5,96,9
1609,619,2026,5,100,9
1610,620,2026,3,56,4
1611,620,2025,2,90,3
1612,620,2024,4,89,8
1613,621,2026,3,86,6
1614,622,2026,2,76,5
1615,623,2026,3,91,5
1616,624,2026,4,95,8
1617,625,2026,2,93,4
1618,626,2026,4,62,7
1619,626,2025,3,80,6
1620,626,2024,3,86,5
1621,626,2023,2,59,2
1622,626,2022,3,72,5
1623,627,2026,5,100,10
1624,627,2025,5,100,10
1625,627,2024,5,100,10
1626,627,2023,5,100,9
1627,628,2026,3,100,5
1628,629,2026,3,70,5
1629,629,2025,3,73,4
1630,629,2024,4,97,8
1631,629,2023,4,91,6
1632,629,2022,3,75,4
1633,630,2026,4,93,7
1634,631,2026,3,89,6
1635,631,2025,3,97,6
1636,631,2024,3,83,6
1637,631,2023,3,100,6
1638,631,2022,1,72,1
1639,632,2026,4,100,9
1640,632,2025,3,74,5
1641,632,2024,3,99,7
1642,633,2026,3,72,6
1643,633,2025,3,86,5
1644,634,2026,3,95,5
1645,635,2026,2,74,3
1646,636,2026,1,75,4
1647,636,2025,1,82,1
1648,636,2024,1,71,1
1649,637,2026,2,73,5
1650,638,2026,3,84,4
1651,639,2026,1,87,1
1652,640,2026,4,99,8
1653,640,2025,5,79,9
1654,640,2024,5,100,9
1655,640,2023,4,83,8
1656,640,2022,4,80,8
1657,641,2026,4,80,7
1658,642,2026,4,89,7
1659,642,2025,3,80,5
1660,642,2024,2,70,3
1661,642,2023,3,84,5
1662,643,2026,2,84,4
1663,644,2026,3,97,7
1664,645,2026,3,63,5
1665,646,2026,3,100,4
1666,646,2025,2,71,4
1667,647,2026,4,100,7
1668,647,2025,3,77,6
1669,647,2024,4,88,9
1670,647,2023,3,91,5
1671,648,2026,4,87,8
1672,649,2026,3,81,6
1673,650,2026,3,100,6
1674,650,2025,3,76,6
1675,650,2024,2,63,5
1676,650,2023,4,98,8
1677,651,2026,4,88,7
1678,651,2025,4,93,8
1679,651,2024,3,85,6
1680,651,2023,4,95,7
1681,651,2022,4,70,7
1682,652,2026,4,89,8
1683,653,2026,3,100,7
1684,653,2025,4,91,9
1685,654,2026,3,82,3
1686,654,2025,3,92,6
1687,655,2026,4,76,7
1688,656,2026,4,82,8
1689,656,2025,5,100,10
1690,656,2024,4,83,7
1691,656,2023,5,88,10
1692,656,2022,4,84,7
1693,657,2026,4,84,9
1694,657,2025,3,87,6
1695,658,2026,4,100,4
1696,659,2026,2,100,2
1697,659,2025,3,84,5
1698,659,2024,2,82,3
1699,659,2023,2,75,4
1700,659,2022,3,89,4
1701,660,2026,5,100,9
1702,660,2025,5,83,9
1703,661,2026,4,89,6
1704,661,2025,3,72,7
1705,662,2026,3,88,5
1706,662,2025,3,75,6
1707,662,2024,3,63,7
1708,662,2023,3,85,7
1709,662,2022,3,86,7
1710,663,2026,2,75,5
1711,664,2026,3,90,7
1712,664,2025,3,100,4
1713,665,2026,4,100,8
1714,665,2025,3,70,6
1715,665,2024,5,99,9
1716,666,2026,4,82,9
1717,666,2025,5,70,10
1718,666,2024,5,86,10
1719,666,2023,5,100,10
1720,666,2022,5,89,9
1721,667,2026,4,100,7
1722,667,2025,5,100,8
1723,668,2026,2,77,3
1724,668,2025,3,76,7
1725,668,2024,3,74,8
1726,668,2023,4,81,8
1727,668,2022,4,87,7
1728,669,2026,3,100,6
1729,669,2025,4,100,7
1730,669,2024,4,86,7
1731,669,2023,5,92,9
1732,669,2022,3,86,6
1733,670,2026,4,70,9
1734,670,2025,4,71,7
1735,670,2024,2,74,5
1736,671,2026,2,72,3
1737,671,2025,2,98,4
1738,671,2024,1,72,1
1739,671,2023,2,66,2
1740,671,2022,2,91,5
1741,672,2026,4,100,7
1742,672,2025,4,100,7
1743,672,2024,5,95,8
1744,672,2023,3,91,6
1745,673,2026,3,100,5
1746,673,2025,3,85,6
1747,674,2026,4,97,7
1748,674,2025,4,91,8
1749,675,2026,3,93,5
1750,676,2026,2,82,4
1751,676,2025,2,61,2
1752,676,2024,4,81,8
1753,676,2023,3,74,6
1754,676,2022,2,85,3
1755,677,2026,2,66,3
1756,678,2026,5,90,10
1757,679,2026,2,85,5
1758,680,2026,4,72,8
1759,681,2026,4,85,8
1760,681,2025,3,88,7
1761,681,2024,4,96,7
1762,681,2023,4,90,9
1763,681,2022,3,77,3
1764,682,2026,3,100,5
1765,683,2026,1,68,1
1766,683,2025,2,79,4
1767,683,2024,2,83,4
1768,683,2023,2,58,4
1769,683,2022,2,77,3
1770,684,2026,5,82,10
1771,684,2025,5,83,10
1772,684,2024,4,100,8
1773,684,2023,5,97,10
1774,684,2022,4,88,6
1775,685,2026,3,84,4
1776,686,2026,5,100,10
1777,687,2026,4,64,7
1778,688,2026,4,95,6
1779,688,2025,5,100,8
1780,688,2024,4,90,8
1781,688,2023,4,96,9
1782,688,2022,4,96,8
1783,689,2026,1,63,2
1784,690,2026,4,85,8
1785,691,2026,3,89,5
1786,691,2025,3,100,5
1787,691,2024,3,74,5
1788,691,2023,2,61,4
1789,692,2026,3,80,7
1790,692,2025,1,86,2
1791,693,2026,2,85,2
1792,694,2026,2,69,4
1793,694,2025,2,78,3
1794,694,2024,3,81,6
1795,695,2026,2,94,4
1796,696,2026,2,91,4
1797,697,2026,1,89,2
1798,697,2025,1,63,2
1799,697,2024,2,76,3
1800,697,2023,1,83,1
1801,697,2022,1,60,4
1802,698,2026,3,97,6
1803,698,2025,4,84,8
1804,698,2024,4,87,8
1805,699,2026,5,86,9
1806,699,2025,5,100,10
1807,699,2024,4,75,7
1808,699,2023,4,65,8
1809,699,2022,5,69,9
1810,700,2026,3,87,6
1811,701,2026,3,96,5
1812,701,2025,3,88,6
1813,701,2024,3,68,6
1814,701,2023,3,82,6
1815,701,2022,2,81,7
1816,702,2026,4,79,7
1817,702,2025,3,81,4
1818,702,2024,3,60,5
1819,702,2023,4,100,8
1820,702,2022,3,100,6
1821,703,2026,4,78,8
1822,704,2026,3,80,2
1823,704,2025,3,89,7
1824,704,2024,5,89,10
1825,704,2023,4,79,7
1826,705,2026,2,85,4
1827,706,2026,3,85,4
1828,706,2025,4,74,8
1829,706,2024,2,71,3
1830,706,2023,4,90,6
1831,706,2022,3,97,6
1832,707,2026,3,88,6
1833,707,2025,2,97,3
1834,707,2024,3,100,3
1835,708,2026,4,100,7
1836,709,2026,2,90,4
1837,710,2026,2,70,3
1838,711,2026,2,50,4
1839,712,2026,4,72,7
1840,712,2025,4,84,8
1841,712,2024,5,90,10
1842,713,2026,3,70,5
1843,714,2026,3,65,7
1844,714,2025,1,70,2
1845,714,2024,1,100,1
1846,714,2023,1,93,2
1847,715,2026,4,74,6
1848,716,2026,2,84,3
1849,717,2026,4,100,9
1850,718,2026,3,86,5
1851,718,2025,4,100,8
1852,718,2024,3,77,5
1853,718,2023,4,87,6
1854,719,2026,4,95,8
1855,720,2026,3,64,6
1856,720,2025,4,90,7
1857,720,2024,3,58,5
1858,720,2023,4,87,6
1859,720,2022,4,84,7
1860,721,2026,5,97,10
1861,721,2025,5,85,10
1862,721,2024,5,87,8
1863,721,2023,5,97,9
1864,721,2022,5,96,10
1865,722,2026,3,100,7
1866,723,2026,4,73,7
1867,724,2026,4,82,9
1868,724,2025,5,100,10
1869,724,2024,4,83,8
1870,725,2026,5,94,10
1871,726,2026,4,86,8
1872,727,2026,3,84,6
1873,727,2025,3,99,6
1874,727,2024,3,100,6
1875,727,2023,3,86,7
1876,728,2026,3,86,5
1877,728,2025,2,76,3
1878,728,2024,3,72,7
1879,728,2023,4,89,5
1880,729,2026,3,85,6
1881,729,2025,4,99,7
1882,730,2026,3,98,5
1883,730,2025,2,71,3
1884,730,2024,2,77,2
1885,730,2023,4,80,9
1886,730,2022,2,59,4
1887,731,2026,4,95,8
1888,732,2026,5,100,8
1889,732,2025,5,100,8
1890,732,2024,5,91,9
1891,732,2023,5,100,9
1892,732,2022,5,71,10
1893,733,2026,1,90,1
1894,733,2025,2,69,4
1895,733,2024,1,87,1
1896,733,2023,1,80,1
1897,734,2026,3,70,4
1898,734,2025,4,83,7
1899,735,2026,3,84,4
1900,735,2025,2,81,4
1901,735,2024,4,96,8
1902,735,2023,3,100,4
1903,736,2026,3,81,5
1904,736,2025,4,77,7
1905,736,2024,4,97,7
1906,736,2023,4,100,8
1907,736,2022,4,100,8
1908,737,2026,3,88,4
1909,737,2025,4,83,8
1910,737,2024,3,70,5
1911,738,2026,3,69,5
1912,738,2025,3,84,5
1913,738,2024,3,100,5
1914,738,2023,3,77,6
1915,738,2022,2,57,4
1916,739,2026,3,98,7
1917,739,2025,2,80,3
1918,739,2024,3,100,6
1919,740,2026,3,82,7
1920,740,2025,3,84,3
1921,740,2024,4,87,9
1922,740,2023,4,78,5
1923,741,2026,3,88,7
1924,741,2025,4,87,9
1925,741,2024,3,80,5
1926,741,2023,5,95,10
1927,742,2026,4,100,6
1928,743,2026,5,75,9
1929,744,2026,2,71,4
1930,745,2026,2,89,4
1931,745,2025,3,86,5
1932,746,2026,5,90,9
1933,746,2025,5,100,9
1934,747,2026,4,92,5
1935,748,2026,3,88,5
1936,748,2025,3,90,5
1937,748,2024,3,66,6
1938,748,2023,3,72,5
1939,748,2022,5,91,9
1940,749,2026,4,89,8
1941,749,2025,5,98,10
1942,749,2024,4,83,9
1943,750,2026,2,81,3
1944,751,2026,5,100,9
1945,752,2026,2,77,4
1946,752,2025,2,66,3
1947,752,2024,3,74,5
1948,752,2023,2,81,4
1949,752,2022,2,100,2
1950,753,2026,4,100,6
1951,754,2026,3,90,7
1952,754,2025,2,83,4
1953,755,2026,2,86,4
1954,756,2026,3,90,4
1955,756,2025,2,100,3
1956,757,2026,5,100,9
1957,757,2025,5,79,8
1958,757,2024,5,100,9
1959,757,2023,5,93,8
1960,758,2026,4,83,9
1961,758,2025,4,71,7
1962,758,2024,3,87,5
1963,758,2023,4,73,7
1964,759,2026,5,100,10
1965,760,2026,4,94,7
1966,760,2025,5,85,9
1967,760,2024,4,99,9
1968,760,2023,5,78,10
1969,760,2022,5,93,10
1970,761,2026,3,89,6
1971,762,2026,4,79,7
1972,762,2025,3,76,4
1973,762,2024,3,89,7
1974,762,2023,3,91,6
1975,763,2026,5,88,9
1976,763,2025,5,96,9
1977,763,2024,4,90,8
1978,763,2023,4,73,8
1979,763,2022,5,100,10
1980,764,2026,4,99,7
1981,764,2025,3,74,5
1982,765,2026,5,100,10
1983,766,2026,4,80,7
1984,766,2025,2,80,5
1985,766,2024,4,93,7
1986,767,2026,2,97,3
1987,768,2026,4,95,7
1988,768,2025,3,67,5
1989,768,2024,3,77,5
1990,768,2023,3,95,5
1991,768,2022,3,94,5
1992,769,2026,2,95,5
1993,769,2025,4,81,8
1994,769,2024,4,87,8
1995,769,2023,2,68,3
1996,770,2026,3,95,6
1997,770,2025,4,99,7
1998,770,2024,4,81,8
1999,771,2026,4,76,8
2000,772,2026,5,100,10
2001,773,2026,3,100,5
2002,773,2025,2,79,4
2003,773,2024,2,84,3
2004,773,2023,2,84,4
2005,773,2022,2,77,3
2006,774,2026,3,87,7
2007,775,2026,4,76,8
2008,776,2026,3,80,6
2009,777,2026,3,70,5
2010,777,2025,2,88,4
2011,777,2024,3,100,6
2012,777,2023,3,91,5
2013,777,2022,3,77,6
2014,778,2026,5,97,10
2015,778,2025,5,94,9
2016,778,2024,5,96,10
2017,778,2023,4,82,8
2018,778,2022,4,100,7
2019,779,2026,3,100,4
2020,779,2025,2,65,4
2021,779,2024,1,71,1
2022,779,2023,2,51,4
2023,780,2026,2,57,2
2024,781,2026,2,70,5
2025,781,2025,2,76,4
2026,782,2026,3,100,6
2027,783,2026,4,80,7
2028,783,2025,3,95,5
2029,784,2026,2,64,4
2030,785,2026,3,73,6
2031,786,2026,1,85,2
2032,786,2025,1,96,2
2033,786,2024,1,61,2
2034,786,2023,1,71,2
2035,787,2026,3,92,4
2036,787,2025,2,78,4
2037,787,2024,3,86,4
2038,787,2023,3,80,5
2039,788,2026,2,62,2
2040,789,2026,4,89,8
2041,789,2025,3,72,5
2042,789,2024,4,96,7
2043,789,2023,4,95,9
2044,789,2022,4,100,8
2045,790,2026,4,84,8
2046,790,2025,3,79,5
2047,790,2024,3,76,5
2048,790,2023,4,68,9
2049,791,2026,5,71,10
2050,792,2026,3,74,7
2051,793,2026,4,85,9
2052,793,2025,3,95,7
2053,793,2024,4,59,6
2054,794,2026,3,87,4
2055,795,2026,1,88,3
2056,796,2026,1,73,2
2057,796,2025,2,85,5
2058,796,2024,2,69,3
2059,796,2023,2,69,5
2060,796,2022,2,59,3
2061,797,2026,3,67,5
2062,797,2025,5,88,10
2063,797,2024,3,100,6
2064,798,2026,3,100,7
2065,798,2025,3,87,5
2066,798,2024,4,88,8
2067,798,2023,2,75,3
2068,798,2022,3,80,7
2069,799,2026,3,93,5
2070,799,2025,3,81,6
2071,799,2024,3,100,7
2072,799,2023,3,88,6
2073,799,2022,2,66,2
2074,800,2026,5,98,10
2075,801,2026,2,64,3
2076,801,2025,3,78,5
2077,801,2024,1,66,3
2078,801,2023,3,88,6
2079,801,2022,1,78,2
2080,802,2026,2,76,3
2081,802,2025,3,97,4
2082,802,2024,2,67,2
2083,802,2023,3,82,5
2084,803,2026,3,80,5
2085,803,2025,3,98,5
2086,803,2024,3,88,5
2087,804,2026,3,73,4
2088,805,2026,3,69,6
2089,805,2025,4,83,7
2090,805,2024,3,56,4
2091,805,2023,3,79,7
2092,805,2022,5,88,9
2093,806,2026,4,100,5
2094,807,2026,3,90,6
2095,807,2025,4,90,9
2096,807,2024,3,83,6
2097,807,2023,4,100,7
2098,808,2026,4,87,7
2099,809,2026,3,100,5
2100,809,2025,4,69,7
2101,809,2024,2,88,3
2102,809,2023,2,68,4
2103,809,2022,3,93,5
2104,810,2026,3,79,3
2105,810,2025,4,88,7
2106,810,2024,3,79,6
2107,810,2023,3,84,6
2108,810,2022,3,93,7
2109,811,2026,3,75,5
2110,811,2025,4,76,9
2111,811,2024,4,80,9
2112,811,2023,4,90,8
2113,811,2022,5,99,10
2114,812,2026,5,100,10
2115,813,2026,3,73,5
2116,813,2025,2,78,6
2117,813,2024,2,91,4
2118,813,2023,2,77,3
2119,813,2022,3,70,5
2120,814,2026,5,95,10
2121,814,2025,5,100,8
2122,815,2026,4,72,8
2123,815,2025,3,97,6
2124,815,2024,4,76,8
2125,815,2023,5,100,8
2126,816,2026,5,100,7
2127,817,2026,3,76,5
2128,817,2025,4,88,8
2129,817,2024,3,85,5
2130,817,2023,4,82,8
2131,817,2022,4,86,6
2132,818,2026,5,100,10
2133,818,2025,4,78,7
2134,818,2024,4,100,9
2135,818,2023,4,99,8
2136,818,2022,4,84,7
2137,819,2026,3,66,4
2138,819,2025,2,82,3
2139,820,2026,3,100,4
2140,821,2026,3,70,4
2141,822,2026,5,89,9
2142,822,2025,4,88,6
2143,822,2024,4,100,10
2144,822,2023,3,80,7
2145,822,2022,5,100,9
2146,823,2026,3,87,5
2147,823,2025,3,94,6
2148,824,2026,2,72,5
2149,825,2026,4,95,9
2150,826,2026,4,99,7
2151,826,2025,4,87,6
2152,826,2024,5,88,9
2153,826,2023,5,93,9
2154,826,2022,5,100,10
2155,827,2026,3,79,4
2156,828,2026,4,64,5
2157,829,2026,4,97,8
2158,830,2026,3,100,5
2159,830,2025,3,75,6
2160,830,2024,4,100,7
2161,830,2023,4,100,9
2162,830,2022,4,86,7
2163,831,2026,3,91,6
2164,831,2025,2,64,3
2165,832,2026,4,87,8
2166,832,2025,3,100,7
2167,832,2024,3,93,6
2168,832,2023,2,82,2
2169,833,2026,2,88,4
2170,834,2026,3,100,5
2171,835,2026,4,55,7
2172,836,2026,5,85,10
2173,836,2025,5,71,9
2174,836,2024,5,80,8
2175,837,2026,3,98,5
2176,837,2025,3,83,5
2177,837,2024,5,84,9
2178,837,2023,3,81,5
2179,837,2022,5,100,10
2180,838,2026,2,86,3
2181,839,2026,3,82,5
2182,840,2026,3,83,5
2183,840,2025,4,80,8
2184,840,2024,4,79,8
2185,840,2023,5,100,9
2186,840,2022,4,78,7
2187,841,2026,3,87,4
2188,842,2026,4,98,9
2189,843,2026,3,95,4
2190,844,2026,2,69,5
2191,845,2026,3,73,6
2192,845,2025,3,82,5
2193,846,2026,3,57,4
2194,847,2026,1,94,1
2195,848,2026,3,97,5
2196,848,2025,3,98,7
2197,848,2024,3,94,5
2198,849,2026,4,84,9
2199,850,2026,4,75,8
2200,850,2025,4,84,7
2201,850,2024,3,80,5
2202,850,2023,3,86,8
2203,851,2026,2,67,4
2204,852,2026,3,95,5
2205,853,2026,5,99,10
2206,853,2025,5,80,10
2207,853,2024,4,93,7
2208,853,2023,5,100,9
2209,853,2022,5,100,10
2210,854,2026,3,82,5
2211,854,2025,2,80,2
2212,854,2024,3,73,6
2213,854,2023,2,82,3
2214,854,2022,2,80,4
2215,855,2026,3,89,7
2216,855,2025,4,76,8
2217,855,2024,3,81,4
2218,855,2023,2,66,3
2219,855,2022,2,96,2
2220,856,2026,2,75,2
2221,857,2026,4,92,9
2222,858,2026,5,90,9
2223,859,2026,5,80,10
2224,859,2025,4,71,9
2225,859,2024,5,92,8
2226,860,2026,4,99,8
2227,861,2026,5,74,8
2228,861,2025,4,70,7
2229,861,2024,4,91,5
2230,861,2023,4,95,9
2231,861,2022,3,89,6
2232,862,2026,3,81,6
2233,862,2025,2,96,5
2234,862,2024,3,78,5
2235,862,2023,4,83,7
2236,863,2026,5,92,10
2237,864,2026,4,79,8
2238,865,2026,4,81,7
2239,865,2025,3,73,6
2240,865,2024,3,80,6
2241,865,2023,3,96,5
2242,865,2022,3,88,7
2243,866,2026,5,71,9
2244,866,2025,5,88,10
2245,866,2024,4,81,6
2246,866,2023,5,65,9
2247,866,2022,5,82,9
2248,867,2026,5,89,9
2249,867,2025,5,94,10
2250,867,2024,5,100,10
2251,867,2023,4,85,8
2252,867,2022,4,87,8
2253,868,2026,1,92,3
2254,868,2025,1,74,3
2255,869,2026,4,87,7
2256,870,2026,1,91,1
2257,870,2025,1,70,1
2258,870,2024,1,87,1
2259,871,2026,4,66,6
2260,871,2025,4,100,6
2261,872,2026,5,83,10
2262,872,2025,5,100,8
2263,872,2024,4,86,6
2264,872,2023,5,97,7
2265,872,2022,5,93,9
2266,873,2026,3,61,7
2267,873,2025,3,86,6
2268,873,2024,3,98,6
2269,873,2023,2,90,5
2270,874,2026,2,88,4
2271,875,2026,3,84,6
2272,876,2026,3,75,7
2273,876,2025,5,70,9
2274,876,2024,3,74,6
2275,877,2026,4,86,8
2276,877,2025,2,72,4
2277,877,2024,2,79,4
2278,878,2026,5,85,8
2279,878,2025,4,100,6
2280,878,2024,5,100,10
2281,878,2023,5,100,9
2282,878,2022,5,100,8
2283,879,2026,5,80,9
2284,880,2026,4,95,7
2285,881,2026,4,100,8
2286,882,2026,4,93,7
2287,882,2025,3,69,5
2288,882,2024,3,100,6
2289,882,2023,4,76,7
2290,882,2022,3,87,5
2291,883,2026,4,89,6
2292,883,2025,5,100,10
2293,884,2026,3,91,5
2294,884,2025,2,77,3
2295,884,2024,1,71,1
2296,885,2026,3,75,5
2297,885,2025,2,86,4
2298,885,2024,1,77,1
2299,885,2023,1,84,3
2300,885,2022,2,84,2
2301,886,2026,3,83,6
2302,886,2025,2,88,3
2303,887,2026,5,88,9
2304,888,2026,2,87,4
2305,889,2026,2,78,5
2306,889,2025,3,71,5
2307,889,2024,3,69,7
2308,889,2023,1,88,2
2309,889,2022,2,80,3
2310,890,2026,2,73,5
2311,890,2025,1,81,1
2312,891,2026,3,94,7
2313,891,2025,4,92,8
2314,892,2026,4,96,7
2315,893,2026,3,92,4
2316,894,2026,4,99,7
2317,894,2025,4,86,9
2318,894,2024,4,66,7
2319,894,2023,4,100,6
2320,894,2022,4,74,7
2321,895,2026,3,75,8
2322,895,2025,4,83,7
2323,895,2024,3,72,6
2324,896,2026,4,100,8
2325,897,2026,3,94,5
2326,897,2025,2,87,3
2327,898,2026,3,94,4
2328,898,2025,3,100,5
2329,898,2024,4,95,9
2330,898,2023,3,76,5
2331,899,2026,4,93,9
2332,899,2025,4,100,8
2333,899,2024,4,81,7
2334,899,2023,3,90,6
2335,899,2022,2,63,4
2336,900,2026,5,87,10
2337,900,2025,4,86,10
2338,901,2026,4,82,9
2339,901,2025,2,63,3
2340,902,2026,2,79,3
2341,903,2026,1,84,2
2342,903,2025,2,95,4
2343,904,2026,3,90,2
2344,905,2026,4,97,9
2345,906,2026,4,74,7
2346,907,2026,5,100,8
2347,908,2026,4,100,7
2348,909,2026,1,83,1
2349,910,2026,4,71,8
2350,910,2025,5,100,10
2351,910,2024,4,96,7
2352,910,2023,5,100,9
2353,911,2026,2,100,2
2354,911,2025,2,72,5
2355,912,2026,2,83,5
2356,912,2025,2,69,1
2357,912,2024,2,67,3
2358,913,2026,4,81,9
2359,913,2025,4,92,8
2360,913,2024,4,79,8
2361,913,2023,4,88,8
2362,913,2022,4,100,10
2363,914,2026,4,65,7
2364,914,2025,4,78,9
2365,914,2024,4,69,7
2366,914,2023,4,84,5
2367,915,2026,2,68,3
2368,915,2025,2,78,1
2369,915,2024,2,94,3
2370,915,2023,3,88,5
2371,915,2022,2,76,3
2372,916,2026,1,60,1
2373,916,2025,2,81,4
2374,917,2026,5,100,10
2375,917,2025,3,85,6
2376,917,2024,4,88,10
2377,917,2023,3,96,4
2378,917,2022,4,87,9
2379,918,2026,4,67,8
2380,918,2025,5,89,9
2381,918,2024,3,91,6
2382,918,2023,4,82,7
2383,918,2022,4,90,8
2384,919,2026,2,61,2
2385,920,2026,5,88,9
2386,921,2026,1,60,2
2387,922,2026,4,66,8
2388,923,2026,3,70,6
2389,924,2026,5,91,9
2390,925,2026,2,83,5
2391,925,2025,3,79,6
2392,926,2026,3,93,4
2393,927,2026,2,76,4
2394,928,2026,5,100,10
2395,928,2025,4,76,6
2396,928,2024,3,76,4
2397,928,2023,4,84,8
2398,928,2022,5,94,10
2399,929,2026,3,93,6
2400,930,2026,2,59,3
2401,930,2025,2,80,2
2402,930,2024,2,71,4
2403,930,2023,3,84,5
2404,930,2022,3,87,6
2405,931,2026,2,94,4
2406,932,2026,4,84,10
2407,933,2026,4,91,8
2408,934,2026,1,76,2
2409,934,2025,2,62,4
2410,935,2026,5,99,8
2411,935,2025,4,82,6
2412,935,2024,5,89,9
2413,935,2023,4,93,8
2414,936,2026,5,93,9
2415,937,2026,1,88,2
2416,938,2026,4,82,8
2417,938,2025,4,92,7
2418,938,2024,4,96,8
2419,938,2023,3,100,6
2420,938,2022,3,80,5
2421,939,2026,4,86,8
2422,939,2025,5,100,9
2423,940,2026,3,92,5
2424,940,2025,2,82,4
2425,940,2024,4,87,9
2426,940,2023,3,100,6
2427,940,2022,2,68,3
2428,941,2026,4,86,9
2429,941,2025,2,80,4
2430,941,2024,4,98,8
2431,941,2023,3,73,5
2432,941,2022,2,83,2
2433,942,2026,4,84,7
2434,943,2026,5,93,10
2435,944,2026,2,58,3
2436,944,2025,2,93,3
2437,944,2024,3,84,5
2438,945,2026,3,100,7
2439,945,2025,1,82,1
2440,946,2026,2,90,3
2441,946,2025,3,92,5
2442,946,2024,2,84,3
2443,946,2023,4,69,6
2444,946,2022,4,94,8
2445,947,2026,3,94,7
2446,948,2026,4,83,9
2447,949,2026,4,84,7
2448,950,2026,3,71,6
2449,951,2026,2,91,3
2450,952,2026,3,87,5
2451,953,2026,4,96,7
2452,954,2026,4,84,8
2453,955,2026,3,70,7
2454,956,2026,4,99,8
2455,956,2025,3,76,6
2456,957,2026,2,66,4
2457,957,2025,2,85,5
2458,957,2024,3,99,5
2459,957,2023,4,89,9
2460,957,2022,3,96,8
2461,958,2026,4,75,8
2462,958,2025,4,100,8
2463,958,2024,4,96,8
2464,958,2023,3,61,6
2465,958,2022,3,96,9
2466,959,2026,5,78,9
2467,960,2026,5,100,8
2468,961,2026,2,84,3
2469,962,2026,1,75,2
2470,963,2026,5,100,10
2471,964,2026,2,70,4
2472,964,2025,2,76,4
2473,964,2024,2,68,5
2474,964,2023,3,82,7
2475,964,2022,2,79,2
2476,965,2026,3,78,8
2477,965,2025,3,90,5
2478,965,2024,3,78,3
2479,965,2023,3,78,5
2480,966,2026,2,67,4
2481,967,2026,3,88,6
2482,967,2025,4,86,6
2483,967,2024,3,100,4
2484,967,2023,4,78,6
2485,968,2026,3,87,4
2486,969,2026,2,85,4
2487,970,2026,5,96,10
2488,971,2026,3,88,4
2489,972,2026,5,95,10
2490,972,2025,5,100,9
2491,972,2024,5,96,10
2492,973,2026,3,99,5
2493,974,2026,5,100,9
2494,974,2025,5,75,9
2495,974,2024,5,91,10
2496,974,2023,5,100,10
2497,974,2022,5,93,10
2498,975,2026,4,99,7
2499,975,2025,5,96,7
2500,975,2024,4,83,5
2501,975,2023,5,100,8
2502,975,2022,3,82,7
2503,976,2026,4,77,7
2504,976,2025,5,75,10
2505,976,2024,5,100,10
2506,976,2023,4,94,8
2507,977,2026,3,67,7
2508,977,2025,4,100,8
2509,977,2024,2,64,4
2510,977,2023,3,85,7
2511,977,2022,3,91,5
2512,978,2026,4,100,8
2513,979,2026,3,74,8
2514,979,2025,3,77,6
2515,979,2024,4,79,8
2516,979,2023,5,75,9
2517,979,2022,4,76,9
2518,980,2026,4,72,8
2519,980,2025,4,75,8
2520,981,2026,3,76,7
2521,982,2026,5,100,9
2522,982,2025,5,93,9
2523,982,2024,4,77,9
2524,983,2026,4,100,8
2525,983,2025,5,93,9
2526,984,2026,2,83,4
2527,985,2026,4,75,9
2528,985,2025,3,59,7
2529,986,2026,3,83,5
2530,987,2026,5,92,10
2531,987,2025,5,82,9
2532,988,2026,3,69,5
2533,988,2025,5,100,9
2534,988,2024,5,100,10
2535,989,2026,4,95,6
2536,989,2025,5,92,8
2537,989,2024,4,79,7
2538,989,2023,5,93,10
2539,989,2022,3,68,6
2540,990,2026,2,98,3
2541,990,2025,2,69,4
2542,990,2024,1,48,3
2543,990,2023,2,92,3
2544,990,2022,1,77,1
2545,991,2026,4,74,9
2546,991,2025,5,85,9
2547,991,2024,4,100,7
2548,991,2023,4,90,6
2549,991,2022,4,97,8
2550,992,2026,2,74,5
2551,992,2025,1,95,4
2552,993,2026,3,96,6
2553,994,2026,3,80,6
2554,995,2026,2,96,4
2555,995,2025,3,100,6
2556,995,2024,2,67,3
2557,995,2023,2,84,4
2558,995,2022,1,67,2
2559,996,2026,4,97,8
2560,997,2026,5,100,10
2561,997,2025,5,85,9
2562,997,2024,5,94,8
2563,997,2023,4,87,8
2564,998,2026,4,97,6
2565,998,2025,5,91,10
2566,999,2026,4,98,8
2567,999,2025,5,95,9
2568,1000,2026,3,68,7
2569,1001,2026,2,91,4
2570,1001,2025,1,65,1
2571,1001,2024,2,76,2
2572,1002,2026,4,93,7
2573,1003,2026,3,86,5
2574,1004,2026,4,87,7
2575,1004,2025,4,86,7
2576,1004,2024,4,80,9
2577,1004,2023,4,83,8
2578,1004,2022,4,100,8
2579,1005,2026,3,73,6
2580,1006,2026,3,95,5
2581,1007,2026,4,94,8
2582,1008,2026,3,92,6
2583,1009,2026,4,68,9
2584,1009,2025,4,89,8
2585,1009,2024,3,98,6
2586,1009,2023,3,82,5
2587,1009,2022,2,91,3
2588,1010,2026,4,80,8
2589,1010,2025,5,100,10
2590,1011,2026,2,81,2
2591,1011,2025,3,76,6
2592,1012,2026,4,95,7
2593,1013,2026,3,91,6
2594,1013,2025,3,100,6
2595,1013,2024,4,94,6
2596,1013,2023,2,77,4
2597,1013,2022,2,77,5
2598,1014,2026,3,99,6
2599,1014,2025,3,74,4
2600,1015,2026,3,61,4
2601,1016,2026,2,67,4
2602,1017,2026,2,85,4
2603,1018,2026,3,95,7
2604,1018,2025,3,100,5
2605,1018,2024,4,89,7
2606,1019,2026,4,96,9
2607,1019,2025,3,99,6
2608,1019,2024,3,86,6
2609,1019,2023,3,90,7
2610,1020,2026,4,78,7
2611,1020,2025,4,94,6
2612,1020,2024,4,89,9
2613,1020,2023,3,90,7
2614,1020,2022,3,63,7
2615,1021,2026,3,72,4
2616,1021,2025,1,81,1
2617,1022,2026,3,85,6
2618,1022,2025,4,100,6
2619,1023,2026,4,96,8
2620,1024,2026,3,92,5
2621,1024,2025,4,75,9
2622,1024,2024,2,86,3
2623,1024,2023,3,79,5
2624,1024,2022,3,89,6
2625,1025,2026,3,100,5
2626,1025,2025,3,82,5
2627,1025,2024,3,91,6
2628,1026,2026,3,100,7
2629,1026,2025,3,87,6
2630,1026,2024,4,96,6
2631,1026,2023,3,55,5
2632,1027,2026,3,98,5
2633,1027,2025,4,75,8
2634,1027,2024,3,93,5
2635,1027,2023,4,94,6
2636,1027,2022,2,87,4
2637,1028,2026,3,100,5
2638,1028,2025,3,89,4
2639,1028,2024,4,80,7
2640,1028,2023,4,94,8
2641,1028,2022,3,84,7
2642,1029,2026,3,74,5
2643,1029,2025,4,90,8
2644,1029,2024,3,92,5
2645,1030,2026,4,72,8
2646,1030,2025,3,99,4
2647,1030,2024,3,99,3
2648,1031,2026,3,94,5
2649,1032,2026,4,83,8
2650,1032,2025,5,99,9
2651,1032,2024,4,74,5
2652,1032,2023,3,94,5
2653,1032,2022,4,100,9
2654,1033,2026,3,82,6
2655,1033,2025,2,75,5
2656,1033,2024,2,81,4
2657,1034,2026,2,91,3
2658,1035,2026,2,90,3
2659,1036,2026,3,58,4
2660,1036,2025,2,74,4
2661,1036,2024,3,80,7
2662,1036,2023,4,100,8
2663,1037,2026,3,78,5
2664,1037,2025,3,94,4
2665,1038,2026,3,80,6
2666,1039,2026,4,90,8
2667,1039,2025,3,86,6
2668,1039,2024,3,81,5
2669,1039,2023,3,100,6
2670,1040,2026,2,71,3
2671,1040,2025,3,77,4
2672,1040,2024,4,96,7
2673,1041,2026,2,95,4
2674,1042,2026,4,80,9
2675,1043,2026,4,94,8
2676,1043,2025,3,78,5
2677,1043,2024,3,100,5
2678,1043,2023,3,70,4
2679,1043,2022,3,82,5
2680,1044,2026,3,98,6
2681,1044,2025,3,80,5
2682,1044,2024,3,80,5
2683,1044,2023,3,75,7
2684,1045,2026,4,70,8
2685,1045,2025,4,78,7
2686,1045,2024,5,89,10
2687,1045,2023,3,72,5
2688,1045,2022,4,78,7
2689,1046,2026,3,94,5
2690,1046,2025,4,99,7
2691,1046,2024,5,96,8
2692,1046,2023,3,91,6
2693,1046,2022,5,100,9
2694,1047,2026,3,78,5
2695,1047,2025,2,75,3
2696,1047,2024,3,93,6
2697,1047,2023,2,70,3
2698,1047,2022,3,99,5
2699,1048,2026,5,89,10
2700,1049,2026,4,79,7
2701,1050,2026,5,90,10
2702,1051,2026,2,68,2
2703,1052,2026,3,82,6
2704,1053,2026,2,94,3
2705,1054,2026,3,100,5
2706,1054,2025,3,73,5
2707,1054,2024,4,96,9
2708,1054,2023,3,95,6
2709,1055,2026,1,80,1
2710,1055,2025,1,88,3
2711,1056,2026,3,69,6
2712,1056,2025,2,70,5
2713,1056,2024,3,78,7
2714,1056,2023,3,70,4
2715,1056,2022,4,100,9
2716,1057,2026,1,65,1
2717,1057,2025,3,93,8
2718,1057,2024,3,75,5
2719,1057,2023,2,73,3
2720,1058,2026,3,71,6
2721,1058,2025,3,68,5
2722,1058,2024,3,79,4
2723,1058,2023,2,83,4
2724,1058,2022,4,98,8
2725,1059,2026,3,100,5
2726,1060,2026,4,80,6
2727,1060,2025,4,88,7
2728,1060,2024,3,78,7
2729,1060,2023,4,90,7
2730,1060,2022,5,76,9
2731,1061,2026,5,94,10
2732,1061,2025,5,98,9
2733,1061,2024,5,100,9
2734,1061,2023,5,75,10
2735,1061,2022,5,78,10
2736,1062,2026,5,96,10
2737,1063,2026,5,78,10
2738,1064,2026,4,95,7
2739,1064,2025,4,79,6
2740,1064,2024,3,87,6
2741,1064,2023,4,88,7
2742,1064,2022,4,94,7
2743,1065,2026,5,100,9
2744,1065,2025,5,100,9
2745,1065,2024,5,94,9
2746,1065,2023,4,90,6
2747,1065,2022,4,73,5
2748,1066,2026,3,83,5
2749,1066,2025,3,50,4
2750,1067,2026,3,89,5
2751,1067,2025,4,69,7
2752,1067,2024,3,85,5
2753,1067,2023,4,73,8
2754,1067,2022,3,72,6
2755,1068,2026,3,97,5
2756,1069,2026,4,80,7
2757,1070,2026,3,84,7
2758,1070,2025,3,59,7
2759,1070,2024,4,69,8
2760,1071,2026,3,70,6
2761,1071,2025,3,79,6
2762,1071,2024,4,85,7
2763,1071,2023,3,99,5
2764,1071,2022,3,100,5
2765,1072,2026,3,80,6
2766,1072,2025,3,78,6
2767,1072,2024,3,75,6
2768,1072,2023,3,98,6
2769,1072,2022,3,84,5
2770,1073,2026,5,100,10
2771,1074,2026,5,78,8
2772,1074,2025,5,100,10
2773,1074,2024,5,79,9
2774,1075,2026,5,72,8
2775,1075,2025,4,89,6
2776,1076,2026,2,62,4
2777,1076,2025,3,66,8
2778,1076,2024,2,80,4
2779,1077,2026,4,70,7
2780,1077,2025,4,100,6
2781,1077,2024,4,100,8
2782,1077,2023,4,91,8
2783,1078,2026,2,82,4
2784,1078,2025,3,100,7
2785,1078,2024,3,83,6
2786,1078,2023,4,91,9
2787,1078,2022,3,89,4
2788,1079,2026,3,84,5
2789,1079,2025,3,63,6
2790,1079,2024,4,79,6
2791,1079,2023,2,72,4
2792,1079,2022,3,87,5
2793,1080,2026,4,100,7
2794,1080,2025,4,100,7
2795,1080,2024,4,100,6
2796,1080,2023,3,84,6
2797,1081,2026,1,67,1
2798,1081,2025,1,73,2
2799,1081,2024,2,91,3
2800,1081,2023,1,52,1
2801,1081,2022,1,80,3
2802,1082,2026,2,80,4
2803,1082,2025,2,77,3
2804,1082,2024,2,67,4
2805,1083,2026,5,100,9
2806,1084,2026,3,88,5
2807,1085,2026,3,100,7
2808,1085,2025,3,93,5
2809,1085,2024,3,69,6
2810,1085,2023,3,98,5
2811,1085,2022,2,84,5
2812,1086,2026,4,65,9
2813,1086,2025,4,89,8
2814,1087,2026,3,72,4
2815,1088,2026,3,76,5
2816,1088,2025,4,77,7
2817,1088,2024,3,100,7
2818,1088,2023,4,100,8
2819,1088,2022,5,93,10
2820,1089,2026,3,93,5
2821,1090,2026,4,86,8
2822,1091,2026,2,74,4
2823,1091,2025,3,84,6
2824,1091,2024,3,70,5
2825,1091,2023,2,86,3
2826,1092,2026,4,67,9
2827,1093,2026,3,89,5
2828,1094,2026,4,100,6
2829,1095,2026,1,59,2
2830,1095,2025,2,100,3
2831,1095,2024,1,69,1
2832,1095,2023,1,81,3
2833,1096,2026,5,100,9
2834,1097,2026,3,96,5
2835,1097,2025,2,100,1
2836,1097,2024,4,66,9
2837,1097,2023,3,89,6
2838,1098,2026,5,87,10
2839,1098,2025,5,100,9
2840,1098,2024,4,89,10
2841,1098,2023,5,100,10
2842,1098,2022,4,86,8
2843,1099,2026,5,78,10
2844,1100,2026,3,99,6
2845,1101,2026,3,100,6
2846,1102,2026,4,93,8
2847,1102,2025,3,92,5
2848,1102,2024,3,100,5
2849,1102,2023,5,100,8
2850,1103,2026,2,70,3
2851,1104,2026,1,67,1
2852,1104,2025,2,84,3
2853,1105,2026,5,80,10
2854,1106,2026,3,83,6
2855,1106,2025,3,100,6
2856,1106,2024,4,77,8
2857,1106,2023,3,72,5
2858,1106,2022,3,82,5
2859,1107,2026,3,96,5
2860,1107,2025,4,86,7
2861,1108,2026,4,74,7
2862,1108,2025,3,82,7
2863,1109,2026,3,96,6
2864,1109,2025,4,91,8
2865,1109,2024,3,79,5
2866,1109,2023,3,83,8
2867,1110,2026,3,84,6
2868,1111,2026,4,94,7
2869,1111,2025,2,62,4
2870,1112,2026,3,75,5
2871,1112,2025,4,93,9
2872,1113,2026,3,96,3
2873,1113,2025,3,79,6
2874,1113,2024,4,100,9
2875,1114,2026,5,90,8
2876,1114,2025,5,100,9
2877,1114,2024,4,94,7
2878,1115,2026,4,95,7
2879,1115,2025,3,100,7
2880,1115,2024,4,98,8
2881,1115,2023,2,89,3
2882,1115,2022,2,75,4
2883,1116,2026,4,88,10
2884,1117,2026,4,81,7
2885,1117,2025,5,73,10
2886,1118,2026,4,81,7
2887,1118,2025,3,91,5
2888,1119,2026,3,60,7
2889,1119,2025,3,94,6
2890,1119,2024,3,91,4
2891,1119,2023,4,100,9
2892,1120,2026,5,100,9
2893,1120,2025,5,76,9
2894,1121,2026,2,87,1
2895,1122,2026,2,79,2
2896,1123,2026,3,98,5
2897,1123,2025,2,94,4
2898,1123,2024,3,88,6
2899,1123,2023,3,93,5
2900,1124,2026,3,85,7
2901,1124,2025,3,88,6
2902,1124,2024,4,96,10
2903,1125,2026,1,76,1
2904,1125,2025,2,73,3
2905,1125,2024,1,60,1
2906,1125,2023,2,58,3
2907,1125,2022,1,83,1
2908,1126,2026,4,98,7
2909,1126,2025,5,84,9
2910,1126,2024,4,87,7
2911,1127,2026,4,72,8
2912,1127,2025,5,89,10
2913,1128,2026,3,78,5
2914,1129,2026,4,97,7
2915,1130,2026,3,83,6
2916,1130,2025,5,100,10
2917,1130,2024,4,85,9
2918,1130,2023,4,87,8
2919,1130,2022,4,81,10
2920,1131,2026,4,100,6
2921,1132,2026,4,79,7
2922,1132,2025,4,100,7
2923,1132,2024,4,86,8
2924,1132,2023,3,100,5
2925,1133,2026,3,79,6
2926,1134,2026,3,81,4
2927,1135,2026,3,97,6
2928,1135,2025,3,84,8
2929,1135,2024,3,58,5
2930,1135,2023,3,94,6
2931,1135,2022,4,90,8
2932,1136,2026,4,100,7
2933,1136,2025,4,92,8
2934,1137,2026,2,64,4
2935,1137,2025,2,74,2
2936,1137,2024,3,97,5
2937,1137,2023,2,96,3
2938,1137,2022,3,73,6
2939,1138,2026,3,79,5
2940,1138,2025,3,100,6
2941,1138,2024,3,80,6
2942,1138,2023,4,80,8
2943,1138,2022,2,86,4
2944,1139,2026,5,100,10
2945,1139,2025,4,84,8
2946,1139,2024,4,84,7
2947,1139,2023,5,81,10
2948,1139,2022,4,75,6
2949,1140,2026,3,76,4
2950,1140,2025,4,96,6
2951,1140,2024,4,92,7
2952,1141,2026,3,85,5
2953,1142,2026,4,81,9
2954,1142,2025,5,92,9
2955,1142,2024,3,91,7
2956,1143,2026,4,76,6
2957,1143,2025,4,84,8
2958,1144,2026,5,89,9
2959,1145,2026,4,100,7
2960,1146,2026,5,100,8
2961,1146,2025,5,99,9
2962,1146,2024,5,96,10
2963,1146,2023,5,97,8
2964,1146,2022,5,81,8
2965,1147,2026,2,97,4
2966,1147,2025,1,65,1
2967,1147,2024,1,74,3
2968,1148,2026,5,100,10
2969,1149,2026,3,74,5
2970,1149,2025,3,82,7
2971,1149,2024,3,89,5
2972,1150,2026,3,100,4
2973,1150,2025,3,79,6
2974,1150,2024,3,79,5
2975,1151,2026,2,83,3
2976,1151,2025,3,98,5
2977,1151,2024,2,70,4
2978,1152,2026,4,100,7
2979,1152,2025,4,86,7
2980,1152,2024,4,97,10
2981,1153,2026,3,80,6
2982,1153,2025,3,89,7
2983,1153,2024,3,74,7
2984,1153,2023,2,71,4
2985,1153,2022,2,77,5
2986,1154,2026,4,91,8
2987,1155,2026,2,66,2
2988,1156,2026,3,83,4
2989,1157,2026,3,82,5
2990,1157,2025,3,100,6
2991,1157,2024,3,98,6
2992,1157,2023,3,87,7
2993,1157,2022,3,85,5
2994,1158,2026,4,69,8
2995,1159,2026,4,72,8
2996,1159,2025,5,81,9
2997,1159,2024,4,100,6
2998,1159,2023,3,98,6
2999,1159,2022,4,100,6
3000,1160,2026,4,92,9
3001,1161,2026,3,94,5
3002,1162,2026,2,83,4
3003,1162,2025,2,72,2
3004,1162,2024,2,86,1
3005,1162,2023,2,59,2
3006,1162,2022,1,83,2
3007,1163,2026,3,88,3
3008,1163,2025,3,81,6
3009,1164,2026,4,100,9
3010,1164,2025,3,100,6
3011,1164,2024,5,85,10
3012,1164,2023,5,87,10
3013,1165,2026,3,82,5
3014,1165,2025,3,90,6
3015,1165,2024,5,100,10
3016,1165,2023,5,70,9
3017,1165,2022,4,100,7
3018,1166,2026,5,88,10
3019,1167,2026,3,100,5
3020,1168,2026,3,96,5
3021,1168,2025,4,66,8
3022,1169,2026,3,63,3
3023,1169,2025,3,87,6
3024,1170,2026,3,82,6
3025,1170,2025,2,87,2
3026,1170,2024,2,81,4
3027,1170,2023,3,84,7
3028,1170,2022,4,64,6
3029,1171,2026,1,75,3
3030,1172,2026,1,63,2
3031,1172,2025,2,52,3
3032,1173,2026,1,64,1
3033,1174,2026,3,85,4
3034,1174,2025,3,100,7
3035,1174,2024,3,90,7
3036,1174,2023,3,95,7
3037,1174,2022,3,95,5
3038,1175,2026,4,79,7
3039,1176,2026,3,84,4
3040,1176,2025,3,100,6
3041,1177,2026,3,69,4
3042,1178,2026,2,100,4
3043,1179,2026,4,83,10
3044,1180,2026,1,72,1
3045,1180,2025,2,79,4
3046,1180,2024,2,46,1
3047,1180,2023,2,79,5
3048,1180,2022,1,74,1
3049,1181,2026,5,96,10
3050,1182,2026,3,77,7
3051,1182,2025,3,94,7
3052,1182,2024,4,100,8
3053,1182,2023,3,96,5
3054,1182,2022,3,88,5
3055,1183,2026,4,79,8
3056,1183,2025,3,81,4
3057,1183,2024,3,77,5
3058,1183,2023,3,89,7
3059,1183,2022,3,100,5
3060,1184,2026,2,85,4
3061,1184,2025,3,84,5
3062,1184,2024,4,90,7
3063,1185,2026,2,82,4
3064,1185,2025,3,96,5
3065,1185,2024,4,87,5
3066,1185,2023,2,85,4
3067,1185,2022,3,70,4
3068,1186,2026,1,64,1
3069,1186,2025,2,84,4
3070,1187,2026,3,71,6
3071,1187,2025,3,93,6
3072,1188,2026,2,84,3
3073,1189,2026,3,69,4
3074,1190,2026,2,66,3
3075,1190,2025,2,54,5
3076,1191,2026,4,100,7
3077,1192,2026,4,100,7
3078,1193,2026,4,95,7
3079,1193,2025,3,72,6
3080,1194,2026,3,95,6
3081,1194,2025,3,92,6
3082,1194,2024,2,60,3
3083,1194,2023,4,80,7
3084,1194,2022,4,100,6
3085,1195,2026,4,85,7
3086,1195,2025,4,85,5
3087,1196,2026,4,79,8
3088,1197,2026,3,90,5
3089,1198,2026,2,74,4
3090,1199,2026,5,89,10
3091,1200,2026,3,70,6
3092,1200,2025,4,93,8
3093,1201,2026,3,91,6
3094,1201,2025,4,100,6
3095,1201,2024,3,80,6
3096,1201,2023,3,92,6
3097,1201,2022,2,70,4
3098,1202,2026,3,98,5
3099,1203,2026,3,100,4
3100,1203,2025,4,76,8
3101,1203,2024,2,77,4
3102,1203,2023,2,82,3
3103,1203,2022,3,80,4
3104,1204,2026,4,100,9
3105,1205,2026,3,100,4
3106,1205,2025,4,81,9
3107,1206,2026,4,82,8
3108,1206,2025,5,98,10
3109,1206,2024,3,95,7
3110,1206,2023,3,76,5
3111,1206,2022,5,82,10
3112,1207,2026,2,62,5
3113,1208,2026,3,94,6
3114,1208,2025,4,100,7
3115,1208,2024,3,87,5
3116,1208,2023,2,54,6
3117,1208,2022,4,64,8
3118,1209,2026,2,92,2
3119,1209,2025,3,80,6
3120,1209,2024,3,61,6
3121,1210,2026,4,75,7
3122,1210,2025,4,100,7
3123,1210,2024,4,100,6
3124,1211,2026,4,86,9
3125,1211,2025,4,90,9
3126,1211,2024,5,100,10
3127,1211,2023,5,63,9
3128,1211,2022,4,100,7
3129,1212,2026,5,86,10
3130,1213,2026,2,54,4
3131,1213,2025,3,79,7
3132,1214,2026,5,86,10
3133,1215,2026,4,72,7
3134,1215,2025,5,99,10
3135,1215,2024,5,85,10
3136,1215,2023,4,82,10
3137,1215,2022,5,96,8
3138,1216,2026,4,100,8
3139,1217,2026,4,81,7
3140,1218,2026,4,73,7
3141,1219,2026,5,100,9
3142,1220,2026,2,71,5
3143,1221,2026,5,99,10
3144,1221,2025,5,85,10
3145,1221,2024,5,95,10
3146,1221,2023,5,100,10
3147,1221,2022,4,88,6
3148,1222,2026,5,89,9
3149,1222,2025,4,84,8
3150,1222,2024,4,91,6
3151,1222,2023,3,83,6
3152,1222,2022,4,68,7
3153,1223,2026,4,93,7
3154,1223,2025,4,92,9
3155,1223,2024,3,71,5
3156,1224,2026,5,100,9
3157,1225,2026,3,74,7
3158,1225,2025,3,79,7
3159,1225,2024,3,85,4
3160,1225,2023,2,74,1
3161,1225,2022,4,82,9
3162,1226,2026,5,95,10
3163,1227,2026,5,90,10
3164,1228,2026,3,100,6
3165,1229,2026,4,85,7
3166,1230,2026,4,94,7
3167,1231,2026,3,80,5
3168,1231,2025,3,95,7
3169,1232,2026,4,94,7
3170,1233,2026,3,82,6
3171,1233,2025,5,92,10
3172,1233,2024,3,91,7
3173,1233,2023,4,87,7
3174,1233,2022,5,85,8
3175,1234,2026,3,64,5
3176,1235,2026,5,100,8
3177,1236,2026,3,92,4
3178,1236,2025,4,89,5
3179,1236,2024,3,93,7
3180,1236,2023,3,80,7
3181,1236,2022,3,88,5
3182,1237,2026,2,66,4
3183,1237,2025,2,60,3
3184,1237,2024,2,83,4
3185,1238,2026,1,56,1
3186,1238,2025,3,83,5
3187,1238,2024,2,89,4
3188,1238,2023,1,90,3
3189,1238,2022,3,86,7
3190,1239,2026,4,96,9
3191,1239,2025,5,96,8
3192,1240,2026,2,66,5
3193,1240,2025,2,90,3
3194,1241,2026,3,84,5
3195,1241,2025,5,100,8
3196,1241,2024,3,79,6
3197,1242,2026,2,73,4
3198,1242,2025,2,69,5
3199,1242,2024,1,85,2
3200,1243,2026,4,100,7
3201,1243,2025,3,81,5
3202,1243,2024,3,100,6
3203,1243,2023,3,84,6
3204,1243,2022,2,94,5
3205,1244,2026,3,82,6
3206,1244,2025,4,83,7
3207,1244,2024,3,69,5
3208,1244,2023,4,83,8
3209,1244,2022,2,58,4
3210,1245,2026,1,74,3
3211,1246,2026,2,69,3
3212,1246,2025,2,74,3
3213,1247,2026,4,92,7
3214,1247,2025,5,87,9
3215,1248,2026,2,83,2
3216,1248,2025,3,85,5
3217,1248,2024,3,81,5
3218,1248,2023,2,78,3
3219,1249,2026,5,97,10
3220,1250,2026,3,83,8
3221,1251,2026,1,84,4
3222,1251,2025,1,71,2
3223,1251,2024,1,74,2
3224,1251,2023,2,76,6
3225,1251,2022,1,67,3
3226,1252,2026,3,66,6
3227,1252,2025,4,91,8
3228,1252,2024,2,85,4
3229,1252,2023,2,76,3
3230,1252,2022,2,95,4
3231,1253,2026,3,82,6
3232,1254,2026,4,76,8
3233,1254,2025,5,98,9
3234,1254,2024,4,86,6
3235,1254,2023,4,79,8
3236,1254,2022,3,92,7
3237,1255,2026,3,60,5
3238,1256,2026,2,100,3
3239,1257,2026,2,90,3
3240,1257,2025,3,90,6
3241,1258,2026,4,92,7
3242,1259,2026,4,91,8
3243,1259,2025,4,80,6
3244,1259,2024,3,79,7
3245,1259,2023,2,85,3
3246,1260,2026,3,100,6
3247,1260,2025,4,100,8
3248,1260,2024,4,83,9
3249,1260,2023,4,83,8
3250,1261,2026,4,83,6
3251,1262,2026,5,100,10
3252,1262,2025,5,97,10
3253,1263,2026,5,100,10
3254,1263,2025,5,100,10
3255,1264,2026,2,74,4
3256,1264,2025,3,82,5
3257,1265,2026,4,100,9
3258,1265,2025,5,93,8
3259,1265,2024,3,80,5
3260,1265,2023,3,99,6
3261,1265,2022,3,90,6
3262,1266,2026,1,53,3
3263,1266,2025,3,90,4
3264,1266,2024,2,79,5
3265,1267,2026,4,94,8
3266,1267,2025,4,89,9
3267,1267,2024,5,86,9
3268,1268,2026,3,88,5
3269,1268,2025,3,78,5
3270,1268,2024,3,91,4
3271,1268,2023,2,96,5
3272,1268,2022,3,100,5
3273,1269,2026,3,72,5
3274,1270,2026,3,83,6
3275,1270,2025,2,65,3
3276,1271,2026,3,97,7
3277,1272,2026,3,94,6
3278,1272,2025,3,83,5
3279,1272,2024,3,88,6
3280,1272,2023,4,93,8
3281,1272,2022,4,79,7
3282,1273,2026,4,91,7
3283,1273,2025,4,89,7
3284,1273,2024,4,96,8
3285,1273,2023,3,74,5
3286,1273,2022,3,95,5
3287,1274,2026,3,71,6
3288,1274,2025,5,100,10
3289,1275,2026,5,100,9
3290,1275,2025,5,100,7
3291,1275,2024,5,95,10
3292,1276,2026,1,79,1
3293,1276,2025,1,70,1
3294,1277,2026,4,85,6
3295,1278,2026,3,86,6
3296,1278,2025,4,82,7
3297,1278,2024,3,75,6
3298,1278,2023,4,93,7
3299,1278,2022,4,86,8
3300,1279,2026,4,100,8
3301,1280,2026,4,100,9
3302,1280,2025,3,80,5
3303,1280,2024,4,92,6
3304,1280,2023,3,89,4
3305,1281,2026,4,100,7
3306,1282,2026,4,96,5
3307,1283,2026,4,90,9
3308,1283,2025,3,100,5
3309,1283,2024,2,60,4
3310,1283,2023,2,93,3
3311,1283,2022,3,79,6
3312,1284,2026,3,65,5
3313,1285,2026,3,89,7
3314,1285,2025,4,92,9
3315,1285,2024,2,79,4
3316,1285,2023,3,85,6
3317,1285,2022,2,74,4
3318,1286,2026,4,70,8
3319,1286,2025,5,100,8
3320,1287,2026,4,74,6
3321,1287,2025,3,100,4
3322,1287,2024,3,98,6
3323,1287,2023,4,84,8
3324,1287,2022,2,76,3
3325,1288,2026,4,84,9
3326,1289,2026,4,96,9
3327,1289,2025,4,77,6
3328,1290,2026,4,94,7
3329,1290,2025,4,99,9
3330,1290,2024,4,100,8
3331,1290,2023,4,92,10
3332,1290,2022,3,78,6
3333,1291,2026,4,94,7
3334,1292,2026,5,100,9
3335,1293,2026,5,94,9
3336,1293,2025,5,92,10
3337,1293,2024,4,100,8
3338,1294,2026,3,58,5
3339,1294,2025,3,93,5
3340,1294,2024,3,85,5
3341,1294,2023,2,78,3
3342,1294,2022,4,100,7
3343,1295,2026,4,71,7
3344,1296,2026,5,86,9
3345,1296,2025,5,93,10
3346,1296,2024,5,100,10
3347,1296,2023,5,87,10
3348,1296,2022,4,79,5
3349,1297,2026,4,74,9
3350,1298,2026,3,71,5
3351,1298,2025,2,85,4
3352,1298,2024,3,100,6
3353,1298,2023,2,74,4
3354,1299,2026,2,93,4
3355,1299,2025,3,61,5
3356,1300,2026,3,95,4
3357,1300,2025,3,86,5
3358,1300,2024,3,78,5
3359,1301,2026,3,100,5
3360,1301,2025,4,90,7
3361,1301,2024,3,86,6
3362,1301,2023,3,100,5
3363,1301,2022,3,76,4
3364,1302,2026,3,94,5
3365,1302,2025,2,56,3
3366,1303,2026,5,93,10
3367,1304,2026,3,67,6
3368,1305,2026,3,66,6
3369,1305,2025,3,82,4
3370,1305,2024,2,81,2
3371,1306,2026,1,77,2
3372,1307,2026,2,86,5
3373,1307,2025,2,100,4
3374,1307,2024,2,44,3
3375,1308,2026,3,88,7
3376,1309,2026,4,96,8
3377,1309,2025,5,92,9
3378,1309,2024,3,86,4
3379,1309,2023,4,92,7
3380,1310,2026,3,71,6
3381,1310,2025,4,65,7
3382,1311,2026,2,83,4
3383,1311,2025,4,98,6
3384,1312,2026,2,80,3
3385,1312,2025,4,78,7
3386,1312,2024,4,88,6
3387,1312,2023,4,80,9
3388,1312,2022,2,83,4
3389,1313,2026,5,84,8
3390,1314,2026,4,79,8
3391,1315,2026,3,61,5
3392,1316,2026,5,100,8
3393,1317,2026,1,64,1
3394,1317,2025,1,76,2
3395,1318,2026,5,88,9
3396,1318,2025,5,100,8
3397,1318,2024,5,93,7
3398,1319,2026,1,55,1
3399,1320,2026,5,100,9
3400,1320,2025,4,100,8
3401,1320,2024,5,96,9
3402,1320,2023,4,70,9
3403,1320,2022,4,94,8
3404,1321,2026,5,89,10
3405,1322,2026,4,77,7
3406,1323,2026,3,90,6
3407,1324,2026,4,79,6
3408,1324,2025,4,87,7
3409,1325,2026,3,70,7
3410,1325,2025,4,89,9
3411,1325,2024,4,100,8
3412,1325,2023,3,63,2
3413,1325,2022,2,65,3
3414,1326,2026,4,99,6
3415,1326,2025,2,61,3
3416,1327,2026,4,94,8
3417,1327,2025,3,83,6
3418,1327,2024,3,78,5
3419,1328,2026,4,82,8
3420,1328,2025,5,91,10
3421,1329,2026,3,100,6
3422,1329,2025,5,86,10
3423,1329,2024,3,90,6
3424,1329,2023,3,100,6
3425,1329,2022,4,100,7
3426,1330,2026,4,95,9
3427,1331,2026,4,90,7
3428,1332,2026,2,84,4
3429,1332,2025,4,98,8
3430,1332,2024,3,78,5
3431,1332,2023,3,74,3
3432,1333,2026,3,90,7
3433,1334,2026,4,79,7
3434,1335,2026,3,73,6
3435,1335,2025,2,55,1
3436,1335,2024,2,92,5
3437,1335,2023,3,100,5
3438,1335,2022,4,87,7
3439,1336,2026,2,84,3
3440,1337,2026,1,78,2
3441,1338,2026,3,94,3
3442,1338,2025,3,73,4
3443,1339,2026,5,98,9
3444,1339,2025,3,79,5
3445,1339,2024,4,91,7
3446,1339,2023,4,96,7
3447,1340,2026,1,67,1
3448,1341,2026,2,76,2
3449,1342,2026,2,92,4
3450,1343,2026,3,96,8
3451,1344,2026,1,70,2
3452,1345,2026,3,100,7
3453,1346,2026,4,99,9
3454,1346,2025,3,65,5
3455,1347,2026,2,78,5
3456,1347,2025,2,96,4
3457,1347,2024,3,100,5
3458,1347,2023,3,78,6
3459,1348,2026,4,78,9
3460,1349,2026,2,95,2
3461,1350,2026,3,90,6
3462,1350,2025,3,100,6
3463,1350,2024,4,77,6
3464,1350,2023,4,92,7
3465,1350,2022,4,74,8
3466,1351,2026,3,81,5
3467,1352,2026,3,95,5
3468,1352,2025,2,62,4
3469,1353,2026,5,93,9
3470,1354,2026,3,95,6
3471,1355,2026,3,76,5
3472,1355,2025,4,84,8
3473,1355,2024,4,84,8
3474,1355,2023,4,100,7
3475,1356,2026,3,100,7
3476,1356,2025,4,76,7
3477,1356,2024,5,99,9
3478,1356,2023,3,75,7
3479,1356,2022,4,100,6
3480,1357,2026,2,85,4
3481,1358,2026,4,100,8
3482,1358,2025,4,94,7
3483,1358,2024,3,95,4
3484,1358,2023,4,75,7
3485,1358,2022,4,89,6
3486,1359,2026,4,87,6
3487,1360,2026,2,80,3
3488,1360,2025,4,90,7
3489,1360,2024,4,80,8
3490,1360,2023,3,100,5
3491,1360,2022,4,100,6
3492,1361,2026,3,74,6
3493,1362,2026,2,85,4
3494,1363,2026,5,87,9
3495,1363,2025,5,94,10
3496,1363,2024,4,91,7
3497,1363,2023,5,90,9
3498,1363,2022,5,100,10
3499,1364,2026,4,100,8
3500,1365,2026,3,91,5
3501,1365,2025,2,88,3
3502,1365,2024,3,66,6
3503,1365,2023,4,86,6
3504,1365,2022,2,80,3
3505,1366,2026,5,100,9
3506,1367,2026,4,90,8
3507,1368,2026,3,77,7
3508,1368,2025,2,75,4
3509,1368,2024,2,93,3
3510,1369,2026,3,90,3
3511,1370,2026,5,94,9
3512,1370,2025,3,77,5
3513,1370,2024,4,81,7
3514,1370,2023,4,92,8
3515,1370,2022,5,100,10
3516,1371,2026,2,89,4
3517,1371,2025,3,90,5
3518,1371,2024,2,88,4
3519,1372,2026,3,83,4
3520,1372,2025,5,100,10
3521,1372,2024,4,100,5
3522,1373,2026,3,88,7
3523,1373,2025,3,71,5
3524,1374,2026,5,100,9
3525,1374,2025,5,100,9
3526,1374,2024,5,97,9
3527,1374,2023,5,83,10
3528,1374,2022,4,81,8
3529,1375,2026,4,78,8
3530,1375,2025,4,72,9
3531,1375,2024,4,87,7
3532,1376,2026,3,83,6
3533,1376,2025,2,67,3
3534,1376,2024,4,77,9
3535,1376,2023,3,95,6
3536,1377,2026,2,74,4
3537,1377,2025,2,69,5
3538,1377,2024,2,79,5
3539,1377,2023,3,81,6
3540,1377,2022,3,96,6
3541,1378,2026,2,75,4
3542,1378,2025,3,79,6
3543,1378,2024,4,88,7
3544,1378,2023,2,68,2
3545,1378,2022,4,93,8
3546,1379,2026,3,93,4
3547,1379,2025,4,96,7
3548,1379,2024,3,80,5
3549,1379,2023,2,85,4
3550,1379,2022,4,88,6
3551,1380,2026,3,75,5
3552,1380,2025,2,91,3
3553,1380,2024,2,92,3
3554,1380,2023,3,83,4
3555,1380,2022,2,96,3
3556,1381,2026,4,87,9
3557,1382,2026,3,82,4
3558,1382,2025,2,79,5
3559,1383,2026,5,78,10
3560,1383,2025,4,82,8
3561,1384,2026,5,100,8
3562,1384,2025,3,92,6
3563,1384,2024,4,95,7
3564,1385,2026,4,86,6
3565,1386,2026,2,77,3
3566,1387,2026,4,84,8
3567,1387,2025,3,85,6
3568,1387,2024,3,96,5
3569,1387,2023,2,73,3
3570,1387,2022,3,79,5
3571,1388,2026,3,73,4
3572,1389,2026,3,85,7
3573,1389,2025,4,86,7
3574,1390,2026,3,73,4
3575,1391,2026,5,100,10
3576,1392,2026,4,100,6
3577,1393,2026,5,99,8
3578,1393,2025,3,83,5
3579,1393,2024,4,94,7
3580,1393,2023,4,76,7
3581,1393,2022,5,92,9
3582,1394,2026,3,73,5
3583,1394,2025,3,84,7
3584,1394,2024,2,89,2
3585,1394,2023,3,79,5
3586,1394,2022,2,54,2
3587,1395,2026,4,92,8
3588,1396,2026,3,88,5
3589,1397,2026,4,92,7
3590,1397,2025,2,75,4
3591,1398,2026,5,100,10
3592,1398,2025,4,87,8
3593,1398,2024,4,94,7
3594,1398,2023,5,95,6
3595,1398,2022,3,82,4
3596,1399,2026,2,89,3
3597,1399,2025,4,86,7
3598,1399,2024,4,100,8
3599,1399,2023,3,86,5
3600,1400,2026,4,97,8
3601,1400,2025,5,100,9
3602,1400,2024,3,85,6
3603,1400,2023,5,83,10
3604,1400,2022,5,100,10
3605,1401,2026,5,100,10
3606,1402,2026,5,100,10
3607,1402,2025,4,92,7
3608,1402,2024,5,100,10
3609,1402,2023,5,81,10
3610,1402,2022,3,87,7
3611,1403,2026,4,76,8
3612,1404,2026,3,70,7
3613,1404,2025,4,96,8
3614,1404,2024,3,78,4
3615,1405,2026,2,65,4
3616,1406,2026,3,94,5
3617,1406,2025,3,79,5
3618,1406,2024,3,60,7
3619,1407,2026,5,100,10
3620,1408,2026,2,69,4
3621,1408,2025,4,82,6
3622,1408,2024,3,83,6
3623,1408,2023,3,85,6
3624,1408,2022,3,84,5
3625,1409,2026,2,99,4
3626,1409,2025,3,80,7
3627,1409,2024,3,77,5
3628,1409,2023,2,75,3
3629,1409,2022,2,82,2
3630,1410,2026,3,65,7
3631,1410,2025,5,82,10
3632,1411,2026,3,100,6
3633,1411,2025,4,93,9
3634,1411,2024,3,66,8
3635,1411,2023,4,100,7
3636,1412,2026,4,100,9
3637,1412,2025,3,90,7
3638,1412,2024,3,77,6
3639,1412,2023,4,92,7
3640,1412,2022,3,85,5
3641,1413,2026,4,89,10
3642,1413,2025,4,83,8
3643,1414,2026,1,71,1
3644,1414,2025,3,95,6
3645,1414,2024,2,58,2
3646,1414,2023,3,87,5
3647,1414,2022,3,79,4
3648,1415,2026,5,100,8
3649,1415,2025,4,77,8
3650,1415,2024,5,82,10
3651,1415,2023,3,85,5
3652,1415,2022,5,71,9
3653,1416,2026,4,80,8
3654,1417,2026,4,77,8
3655,1418,2026,5,96,10
3656,1419,2026,2,81,3
3657,1420,2026,2,59,2
3658,1420,2025,4,71,9
3659,1421,2026,3,96,5
3660,1422,2026,4,82,7
3661,1423,2026,5,92,10
3662,1424,2026,4,72,5
3663,1424,2025,4,85,7
3664,1424,2024,4,80,6
3665,1424,2023,5,81,9
3666,1424,2022,4,100,8
3667,1425,2026,3,87,6
3668,1425,2025,3,97,7
3669,1425,2024,3,68,5
3670,1425,2023,2,80,4
3671,1426,2026,3,79,4
3672,1426,2025,2,100,5
3673,1426,2024,4,95,6
3674,1426,2023,3,75,8
3675,1426,2022,2,89,6
3676,1427,2026,3,48,5
3677,1427,2025,4,100,8
3678,1427,2024,5,100,9
3679,1428,2026,5,94,9
3680,1429,2026,3,80,5
3681,1429,2025,2,94,5
3682,1429,2024,2,70,2
3683,1430,2026,2,84,2
3684,1431,2026,2,73,2
3685,1431,2025,4,75,6
3686,1432,2026,4,70,7
3687,1433,2026,3,85,5
3688,1433,2025,4,77,8
3689,1434,2026,3,72,5
3690,1435,2026,4,100,9
3691,1435,2025,3,89,6
3692,1435,2024,4,88,8
3693,1435,2023,2,82,3
3694,1436,2026,3,82,6
3695,1437,2026,4,81,8
3696,1438,2026,4,61,8
3697,1438,2025,3,85,7
3698,1438,2024,3,80,3
3699,1438,2023,2,59,4
3700,1439,2026,5,100,9
3701,1439,2025,4,100,6
3702,1439,2024,5,100,10
3703,1439,2023,4,90,9
3704,1439,2022,4,94,10
3705,1440,2026,4,94,8
3706,1440,2025,3,83,7
3707,1440,2024,3,92,5
3708,1440,2023,2,78,2
3709,1440,2022,4,89,6
3710,1441,2026,3,84,6
3711,1441,2025,2,94,5
3712,1441,2024,3,68,6
3713,1441,2023,2,64,4
3714,1441,2022,3,92,5
3715,1442,2026,3,86,5
3716,1442,2025,4,72,6
3717,1442,2024,5,100,9
3718,1442,2023,4,57,8
3719,1442,2022,4,100,8
3720,1443,2026,2,66,3
3721,1444,2026,4,97,8
3722,1444,2025,2,90,4
3723,1444,2024,3,98,5
3724,1444,2023,3,96,5
3725,1444,2022,4,87,6
3726,1445,2026,2,76,3
3727,1445,2025,3,80,6
3728,1445,2024,2,93,4
3729,1445,2023,2,81,4
3730,1445,2022,3,89,5
3731,1446,2026,2,86,3
3732,1446,2025,3,87,5
3733,1446,2024,3,67,8
3734,1446,2023,2,60,4
3735,1446,2022,3,77,6
3736,1447,2026,3,82,6
3737,1447,2025,3,89,4
3738,1448,2026,5,86,10
3739,1448,2025,4,100,9
3740,1449,2026,3,65,6
3741,1449,2025,3,100,5
3742,1449,2024,4,100,8
3743,1449,2023,2,85,5
3744,1449,2022,4,85,8
3745,1450,2026,4,100,7
3746,1450,2025,5,88,10
3747,1451,2026,4,86,6
3748,1451,2025,4,94,8
3749,1451,2024,3,95,6
3750,1451,2023,3,89,5
3751,1452,2026,2,82,3
3752,1453,2026,3,90,7
3753,1453,2025,4,79,7
3754,1454,2026,3,67,8
3755,1454,2025,2,100,4
3756,1454,2024,3,72,6
3757,1454,2023,4,98,8
3758,1455,2026,4,88,6
3759,1455,2025,4,99,7
3760,1455,2024,2,100,7
3761,1455,2023,2,94,3
3762,1455,2022,2,92,5
3763,1456,2026,4,82,8
3764,1456,2025,4,77,6
3765,1456,2024,2,67,4
3766,1457,2026,4,94,6
3767,1457,2025,5,100,8
3768,1457,2024,5,94,10
3769,1457,2023,5,91,10
3770,1457,2022,3,76,4
3771,1458,2026,2,97,3
3772,1459,2026,4,64,8
3773,1459,2025,5,100,9
3774,1459,2024,4,88,7
3775,1459,2023,4,96,8
3776,1459,2022,3,76,5
3777,1460,2026,1,86,1
3778,1460,2025,1,78,2
3779,1460,2024,2,71,4
3780,1461,2026,4,100,7
3781,1461,2025,4,100,6
3782,1461,2024,5,93,8
3783,1462,2026,3,77,4
3784,1463,2026,2,72,4
3785,1464,2026,4,70,7
3786,1465,2026,2,63,3
3787,1465,2025,1,88,1
3788,1465,2024,1,60,3
3789,1465,2023,1,85,1
3790,1465,2022,1,73,1
3791,1466,2026,3,69,6
3792,1466,2025,3,59,4
3793,1466,2024,2,75,3
3794,1467,2026,4,88,6
3795,1467,2025,2,86,5
3796,1467,2024,2,70,4
3797,1467,2023,3,98,5
3798,1468,2026,4,78,8
3799,1469,2026,4,100,8
3800,1470,2026,3,72,5
3801,1470,2025,2,77,5
3802,1470,2024,4,94,7
3803,1471,2026,4,61,7
3804,1471,2025,3,91,5
3805,1471,2024,4,77,8
3806,1471,2023,3,79,6
3807,1471,2022,3,87,4
3808,1472,2026,5,89,10
3809,1472,2025,5,83,10
3810,1472,2024,4,86,8
3811,1472,2023,5,100,9
3812,1472,2022,5,95,10
3813,1473,2026,2,96,5
3814,1474,2026,5,86,9
3815,1474,2025,4,96,8
3816,1475,2026,5,100,9
3817,1475,2025,4,73,7
3818,1475,2024,4,67,8
3819,1475,2023,4,100,6
3820,1476,2026,5,83,8
3821,1476,2025,4,84,5
3822,1477,2026,4,85,7
3823,1478,2026,3,78,5
3824,1478,2025,4,74,7
3825,1478,2024,4,91,6
3826,1478,2023,4,100,8
3827,1478,2022,4,100,8
3828,1479,2026,5,80,9
3829,1479,2025,4,75,9
3830,1480,2026,4,65,7
3831,1480,2025,2,91,3
3832,1480,2024,3,87,6
3833,1480,2023,3,92,4
3834,1480,2022,2,63,3
3835,1481,2026,3,71,6
3836,1481,2025,2,63,2
3837,1482,2026,4,90,7
3838,1482,2025,4,84,8
3839,1482,2024,4,94,7
3840,1483,2026,5,100,10
3841,1484,2026,3,92,4
3842,1485,2026,4,93,6
3843,1486,2026,3,76,5
3844,1487,2026,3,88,8
3845,1487,2025,2,68,4
3846,1487,2024,4,82,9
3847,1487,2023,3,90,6
3848,1487,2022,3,89,5
3849,1488,2026,3,67,7
3850,1488,2025,3,73,7
3851,1488,2024,3,60,6
3852,1488,2023,2,55,2
3853,1488,2022,4,100,9
3854,1489,2026,5,97,9
3855,1489,2025,5,75,10
3856,1489,2024,5,89,8
3857,1489,2023,5,94,9
3858,1490,2026,4,92,8
3859,1491,2026,2,79,3
3860,1492,2026,4,100,6
3861,1493,2026,2,91,4
3862,1494,2026,3,90,6
3863,1494,2025,2,84,5
3864,1494,2024,4,81,6
3865,1494,2023,4,88,5
3866,1494,2022,3,70,5
3867,1495,2026,2,69,2
3868,1495,2025,3,95,4
3869,1495,2024,3,100,7
3870,1496,2026,3,98,7
3871,1496,2025,2,93,4
3872,1496,2024,4,81,7
3873,1496,2023,4,96,6
3874,1496,2022,3,100,6
3875,1497,2026,4,100,9
3876,1497,2025,5,73,10
3877,1497,2024,4,91,6
3878,1497,2023,4,69,7
3879,1497,2022,5,88,9
3880,1498,2026,5,95,9
3881,1498,2025,5,89,9
3882,1498,2024,4,87,9
3883,1498,2023,5,96,10
3884,1498,2022,5,87,9
3885,1499,2026,2,83,4
3886,1500,2026,3,89,6
3887,1500,2025,4,97,9
3888,1500,2024,3,68,6
3889,1500,2023,2,72,5
3890,1500,2022,3,74,4
